Title,Price,Rating,Specs
Godrej 2026 Model 2 Ton 3 Star Split Inverter with 5-in-1 convertible | AI Powered| Heavy Duty Cooling...,"₹36,490",3.9,"Annual Power Usage: 1076.57 kWhRoom Size: 180 to 230 sq. ft.5 years warranty on Product, 5 Years warranty on PCB, 10 year warranty on Compressor (Applicable on purchase after Sept 2024 and warranty can be availed after registering on brand website within 30 days of purchase or via company ASP installation)"
Godrej 2026 Model 1.5 Ton 4 Star Split Inverter with 5-in-1 convertible | AI Powered| Heavy Duty Cooli...,"₹33,990",4,"Annual Power Usage: 728.31 kWhRoom Size: 130 to 180 sq. ft.5 years warranty on Product, 5 Years warranty on PCB, 10 year warranty on Compressor (Applicable on purchase after Sept 2024 and warranty can be availed after registering on brand website within 30 days of purchase or via company ASP installation)"
Hitachi 2026 Model 1 Ton 3 Star Split Inverter AC,"₹25,490",3.9,"Annual Power Usage: 632.61 kWhRoom Size: 80 to 130 sq. ft.1 Year Warranty On Product, 5 Year Warranty on PCB & 10 Year Warranty on Compressor."
Voltas 2025 Model 0.6 Ton 2 Star Split Fixed Speed AC,"₹19,990",3.8,"Annual Power Usage: 475.3 UnitsRoom Size: Up to 80 sq. ft.5 years warranty from the date of installation, (Inverter or Fixed Speed SACs) of Tonnage up to 2.2 Tr (Offer valid till 31st May 2026). It is applicable only for residential usage and does not apply to commercial or National Accounts customers, 5 Years warranty on PCB, 10 Years on Inverter Compressor"
Oakter 2026 Model 0.5 Ton 3 Star Window Inverter AC,"₹16,665",3.8,Annual Power Usage: 307 kWhRoom Size: Up to 80 sq. ft.
Haier 2025 Model 1.5 Ton 4 Star Split Triple Inverter with Wi-fi AC,"₹28,490",4.1,Annual Power Usage: 913 kWhRoom Size: 130 to 180 sq. ft.5 years on the product and 12 years on the compressor (1-year warranty card in the box + 4-year promotional warranty auto activated post-installation).
Hisense 2026 Model 2 Ton 3 Star Split Inverter AC,"₹32,990",3.6,"Annual Power Usage: 1073.79 kWhRoom Size: 180 to 230 sq. ft.1 Year Comprehensive warranty on Product, 5 Year on PCB & 10 Year on Compressor"
Godrej 2026 Model 1 Ton 5 Star Split Inverter with 5-in-1 convertible | AI Powered| Heavy Duty Cooling...,"₹33,990",4,"Annual Power Usage: 468.65 kWhRoom Size: 80 to 130 sq. ft.5 years warranty on Product, 5 Years warranty on PCB, 10 year warranty on Compressor (Applicable on purchase after Sept 2024 and warranty can be availed after registering on brand website within 30 days of purchase or via company ASP installation)"
Godrej 2026 Model 1.5 Ton 4 Star Split Inverter with 5-in-1 convertible | AI Powered| Heavy Duty Cooli...,"₹33,990",4,"Annual Power Usage: 728.31 kWhRoom Size: 130 to 180 sq. ft.5 years warranty on Product, 5 Years warranty on PCB, 10 year warranty on Compressor (Applicable on purchase after Sept 2024 and warranty can be availed after registering on brand website within 30 days of purchase or via company ASP installation)"
Hisense 2026 Model 1.5 Ton 3 Star Split Inverter AC,"₹26,990",3.9,"Annual Power Usage: 782.29 kWhRoom Size: 130 to 180 sq. ft.1 Year Comprehensive warranty on Product, 5 Year on PCB & 10 Year on Compressor"
MOTOROLA 2026 Model 1.5 Ton 3 Star Split Inverter with Wi-fi | Free Installation with 3-Year Comprehen...,"₹31,990",4.2,"Annual Power Usage: 858.22 kWhRoom Size: 130 to 180 sq. ft.3 Year on Product and 10 Years Warranty on Compressor

You additionally get the following benefits free of cost for the first 3 years:
-Gas recharge (maximum 2 times) and service basis requirement.

Please reach out to the brand for these benefits."
"LG 2026 Model 1.42 Ton 5 Star Split Smart Inverter Faster Cooling and Energy Saving, AI Convertible 6-...","₹47,490",,"Annual Power Usage: 1180 WRoom Size: 130 to 180 sq. ft.Manufacturer Warranty: 1 Year Comprehensive on Product, 5 Year on PCB and Motor & 10 Year on Compressor (*Free Gas charging during comprehensive period only | T&C Apply) | To claim, present your original Proof of Purchase (invoice), model and serial number of the Product while requesting service. Visit https://www.lg.com/in/support for details Call on our customer care number 8069379999, WhatsApp : 9711709999 | E-mail: serviceindia@lge.com"
Daikin 2026 Model 0.9 Ton 2 Star Split Fixed Speed AC,"₹26,990",4.2,"Annual Power Usage: 582.13 kWhRoom Size: 80 to 130 sq. ft.1 Year Comprehensive Warranty, 5 Years Warranty On PCB"
MOTOROLA 2026 Model 2 Ton 3 Star Split Inverter with Wi-fi | Free Installation with 3-Year Comprehensi...,"₹38,990",4.2,"Annual Power Usage: 1098.15 kWhRoom Size: 180 to 230 sq. ft.3 Year on Product and 10 Years Warranty on Compressor

You additionally get the following benefits free of cost for the first 3 years:
-Gas recharge (maximum 2 times) and service basis requirement.

Please reach out to the brand for these benefits."
Voltas 2026 Model 1 Ton 3 Star Split Inverter AC,"₹30,991",4.1,"Annual Power Usage: 599.28 kWhRoom Size: 80 to 130 sq. ft.Voltas  5 Year warranty from the date of installation, (Inverter or Fixed Speed SACs) of Tonnage up to 2.2 Tr (Offer valid only from 1st January 2026 to 31st December 2027)."
Voltas 2026 Model 2 Ton 3 Star Split Inverter AC,"₹45,990",4.1,"Annual Power Usage: 1079.03 kWhRoom Size: 180 to 230 sq. ft.Voltas  5 Year warranty from the date of installation, (Inverter or Fixed Speed SACs) of Tonnage up to 2.2 Tr (Offer valid only from 1st January 2026 to 31st December 2027)."
MOTOROLA 2026 Model 1.5 Ton 5 Star Split Inverter with Wi-fi | Free Installation with 3-Year Comprehen...,"₹36,990",4.2,"Annual Power Usage: 656.35 kWhRoom Size: 130 to 180 sq. ft.3 Year on Product and 10 Years Warranty on Compressor

You additionally get the following benefits free of cost for the first 3 years:
-Gas recharge (maximum 2 times) and service basis requirement.

Please reach out to the brand for these benefits."
MOTOROLA 2026 Model 1 Ton 3 Star Split Inverter with Wi-fi | Free Installation with 3-Year Comprehensi...,"₹28,990",4.2,"Annual Power Usage: 611.13 kWhRoom Size: 80 to 130 sq. ft.3 Year on Product and 10 Years Warranty on Compressor

You additionally get the following benefits free of cost for the first 3 years:
-Gas recharge (maximum 2 times) and service basis requirement.

Please reach out to the brand for these benefits."
Godrej 2026 Model 2 Ton 3 Star Split Inverter with 5-in-1 convertible | AI Powered| Heavy Duty Cooling...,"₹36,490",3.9,"Annual Power Usage: 1076.57 kWhRoom Size: 180 to 230 sq. ft.5 years warranty on Product, 5 Years warranty on PCB, 10 year warranty on Compressor (Applicable on purchase after Sept 2024 and warranty can be availed after registering on brand website within 30 days of purchase or via company ASP installation)"
"TCL 2026 Model 1 Ton 3 Star Split Inverter 7 Step Convertible with Powerful and Fast cooling, 4 Ways S...","₹24,990",3.8,"Annual Power Usage: 596.47 kWhRoom Size: 80 to 130 sq. ft.1 year warranty on product,5 Years on PCB and 10 Years on the Compressor"
Godrej 2026 Model 1.5 Ton 5 Star Split Inverter with 5-in-1 convertible | AI Powered| Heavy Duty Cooli...,"₹36,990",4,"Annual Power Usage: 657.81 kWhRoom Size: 130 to 180 sq. ft.5 years warranty on Product, 5 Years warranty on PCB, 10 year warranty on Compressor (Applicable on purchase after Sept 2024 and warranty can be availed after registering on brand website within 30 days of purchase or via company ASP installation)"
Godrej 2026 Model 1 Ton 3 Star Split Inverter with 5-in-1 convertible | AI Powered| Heavy Duty Cooling...,"₹27,549",4,"Annual Power Usage: 607.6 kWhRoom Size: 80 to 130 sq. ft.5 years warranty on Product, 5 Years warranty on PCB, 10 year warranty on Compressor (Applicable on purchase after Sept 2024 and warranty can be availed after registering on brand website within 30 days of purchase or via company ASP installation)"
Haier 2026 Model 1 Ton 3 Star Split Twin Inverter AC,"₹28,490",4,Annual Power Usage: 560.41 kWhRoom Size: 80 to 130 sq. ft.5 years on the product and 12 years on the compressor (1-year warranty card in the box + 4-year promotional warranty auto activated post-installation).
Godrej 2025 Model 1 Ton 3 Star Split Inverter 5-In-1-Convertible Cooling with Heavy Duty Cooling At Ex...,"₹21,790",4,"Annual Power Usage: 1034 UnitsRoom Size: 80 to 130 sq. ft.5 Years Warranty on Whole Product (Valid on sales post 1 Sep 2024, warranty can be availed after registering on Brand website within 7 days of purchase) and 10 Years Warranty on Compressor"
Voltas 2026 Model 1 Ton 5 Star Split Inverter AC,"₹34,990",4,"Annual Power Usage: 470.35 kWhRoom Size: 80 to 130 sq. ft.Voltas  5 Year warranty from the date of installation, (Inverter or Fixed Speed SACs) of Tonnage up to 2.2 Tr (Offer valid only from 1st January 2026 to 31st December 2027)."
Lloyd 2026 Model 1.5 Ton 3 Star Split Inverter AC,"₹35,991",4,"Annual Power Usage: 831.01 kWhRoom Size: 130 to 180 sq. ft.1 Year Comprehensive Warranty on AC, 5 Year Warranty on Component and 10 Years Warranty on Compressor"
Godrej 2026 Model 2 Ton 3 Star Split Inverter with 5-in-1 convertible | AI Powered| Heavy Duty Cooling...,"₹36,490",3.9,"Annual Power Usage: 1076.57 kWhRoom Size: 180 to 230 sq. ft.5 years warranty on Product, 5 Years warranty on PCB, 10 year warranty on Compressor (Applicable on purchase after Sept 2024 and warranty can be availed after registering on brand website within 30 days of purchase or via company ASP installation)"
Godrej 2026 Model 1.5 Ton 4 Star Split Inverter with 5-in-1 convertible | AI Powered| Heavy Duty Cooli...,"₹33,990",4,"Annual Power Usage: 728.31 kWhRoom Size: 130 to 180 sq. ft.5 years warranty on Product, 5 Years warranty on PCB, 10 year warranty on Compressor (Applicable on purchase after Sept 2024 and warranty can be availed after registering on brand website within 30 days of purchase or via company ASP installation)"
Haier 2026 Model 1.5 Ton 3 Star Split Twin Inverter AC,"₹33,490",4,Annual Power Usage: 851.12 kWhRoom Size: 130 to 180 sq. ft.5 years on the product and 12 years on the compressor (1-year warranty card in the box + 4-year promotional warranty auto activated post-installation).
Haier 2026 Model 1 Ton 5 Star Split HEXA Inverter with Wi-fi AC,"₹33,990",3.9,Annual Power Usage: 465.89 kWhRoom Size: 80 to 130 sq. ft.5 years on the product and 12 years on the compressor (1-year warranty card in the box + 4-year promotional warranty auto activated post-installation).
Godrej 2026 Model 1 Ton 5 Star Split Inverter with 5-in-1 convertible | AI Powered| Heavy Duty Cooling...,"₹33,990",4,"Annual Power Usage: 468.65 kWhRoom Size: 80 to 130 sq. ft.5 years warranty on Product, 5 Years warranty on PCB, 10 year warranty on Compressor (Applicable on purchase after Sept 2024 and warranty can be availed after registering on brand website within 30 days of purchase or via company ASP installation)"
"LG 2026 Model 1.42 Ton 5 Star Split Smart Inverter Faster Cooling and Energy Saving, AI Convertible 6-...","₹47,490",,"Annual Power Usage: 1180 WRoom Size: 130 to 180 sq. ft.Manufacturer Warranty: 1 Year Comprehensive on Product, 5 Year on PCB and Motor & 10 Year on Compressor (*Free Gas charging during comprehensive period only | T&C Apply) | To claim, present your original Proof of Purchase (invoice), model and serial number of the Product while requesting service. Visit https://www.lg.com/in/support for details Call on our customer care number 8069379999, WhatsApp : 9711709999 | E-mail: serviceindia@lge.com"
"LG 2026 Model 1.5 tons 3 Star Split Smart Inverter Faster Cooling and Energy Saving, AI Convertible 6-...","₹35,990",4,"Annual Power Usage: 769.55 kWhRoom Size: 130 to 180 sq. ft.1 Year Comprehensive warranty on Product, 5 Year warranty on PCB & Motor and 10 Year warranty on Compressor"
CARRIER 2026 Model 1.5 Ton 3 Star Split AI Inverter with Wi-fi Convertible 6-in-1 with Geo-Fencing & V...,"₹33,490",4.2,"Annual Power Usage: 854.39 kWhRoom Size: 130 to 180 sq. ft.1 Year Warranty on Product, 5 Years on PCB and 10 Years on the Compressor"
LG 2025 Model 1 Ton 5 Star Split AI Dual Inverter AI Convertible 6-in-1 with Faster Cooling and Energy...,"₹30,590",4.2,"Annual Power Usage: 515.84 UnitsRoom Size: 80 to 130 sq. ft.1 Year Comprehensive Warranty on Product, 5 Year on PCB and Motor & 10 Year on Compressor (Free Gas charging during comprehensive warranty period only)"
Blue Star 2026 Model 1.5 Ton 3 Star Split Inverter AC,"₹36,490",4.1,"Annual Power Usage: 918.45 kWhRoom Size: 130 to 180 sq. ft.1-Year Product Warranty, 10-Year Compressor Warranty and 5-Year PCB Warranty."
MOTOROLA 2026 Model 1.5 Ton 3 Star Split Inverter with Wi-fi | Free Installation with 3-Year Comprehen...,"₹31,990",4.2,"Annual Power Usage: 858.22 kWhRoom Size: 130 to 180 sq. ft.3 Year on Product and 10 Years Warranty on Compressor

You additionally get the following benefits free of cost for the first 3 years:
-Gas recharge (maximum 2 times) and service basis requirement.

Please reach out to the brand for these benefits."
Godrej 2026 Model 1.5 Ton 5 Star Split Inverter with 5-in-1 convertible | AI Powered| Heavy Duty Cooli...,"₹36,990",4,"Annual Power Usage: 657.81 kWhRoom Size: 130 to 180 sq. ft.5 years warranty on Product, 5 Years warranty on PCB, 10 year warranty on Compressor (Applicable on purchase after Sept 2024 and warranty can be availed after registering on brand website within 30 days of purchase or via company ASP installation)"
"Godrej 2025 Model 1.5 Ton 4 Star Split Inverter 5-In-1-Convertible Cooling, 4 Way Air Swing And Heavy ...","₹27,390",4,"Annual Power Usage: 835.07 UnitsRoom Size: 130 to 180 sq. ft.5 Years Warranty on Whole Product (Valid on sales post 1 Sep 2024, warranty can be availed after registering on Brand website within 7 days of purchase) and 10 Years Warranty on Compressor"
realme TechLife 2026 Model 1.5 Ton 3 Star Split Inverter with Wi-fi AC,"₹27,990",4.2,Room Size: 130 to 180 sq. ft.1 Year warranty on Product and 10 Years Warranty on Compressor
MOTOROLA 2026 Model 2 Ton 3 Star Split Inverter with Wi-fi | Free Installation with 3-Year Comprehensi...,"₹38,990",4.2,"Annual Power Usage: 1098.15 kWhRoom Size: 180 to 230 sq. ft.3 Year on Product and 10 Years Warranty on Compressor

You additionally get the following benefits free of cost for the first 3 years:
-Gas recharge (maximum 2 times) and service basis requirement.

Please reach out to the brand for these benefits."
MOTOROLA 2026 Model 1 Ton 3 Star Split Inverter with Wi-fi | Free Installation with 3-Year Comprehensi...,"₹28,990",4.2,"Annual Power Usage: 611.13 kWhRoom Size: 80 to 130 sq. ft.3 Year on Product and 10 Years Warranty on Compressor

You additionally get the following benefits free of cost for the first 3 years:
-Gas recharge (maximum 2 times) and service basis requirement.

Please reach out to the brand for these benefits."
Godrej 2025 Model 1.5 Ton 3 Star Split Inverter 5-In-1 Convertible Cooling with Heavy Duty Cooling and...,"₹28,990",4,"Annual Power Usage: 983.99 kWhRoom Size: 130 to 180 sq. ft.10 years warranty on compressor, 5 year warranty on whole product (Applicable on purchase after Sept 2024 and warranty can be availed after registering on brand website within 30 days of purchase)"
Haier 2026 Model 1.5 Ton 4 Star Split HEXA Inverter with Wi-fi AC,"₹36,990",4.1,Annual Power Usage: 735.94 kWhRoom Size: 130 to 180 sq. ft.5 years on the product and 12 years on the compressor (1-year warranty card in the box + 4-year promotional warranty auto activated post-installation).
Hisense 2026 Model 1.5 Ton 5 Star Split Inverter AC,"₹33,990",4.1,"Annual Power Usage: 651.34 kWhRoom Size: 130 to 180 sq. ft.1 Year Comprehensive warranty on Product, 5 Year on PCB & 10 Year on Compressor"
"Samsung Bespoke AI 2026 Model 1.5 ton 4 Star Split Inverter with Wi-fi Energy Saving, Voice Control, P...","₹38,990",4.1,Annual Power Usage: 713.57 kWhRoom Size: 130 to 180 sq. ft.5 year comprehensive warranty on product and 10 years warranty on compressor
MOTOROLA 2026 Model 1.5 Ton 5 Star Split Inverter with Wi-fi | Free Installation with 3-Year Comprehen...,"₹36,990",4.2,"Annual Power Usage: 656.35 kWhRoom Size: 130 to 180 sq. ft.3 Year on Product and 10 Years Warranty on Compressor

You additionally get the following benefits free of cost for the first 3 years:
-Gas recharge (maximum 2 times) and service basis requirement.

Please reach out to the brand for these benefits."
Godrej 2026 Model 1 Ton 3 Star Split Inverter with 5-in-1 convertible | AI Powered| Heavy Duty Cooling...,"₹27,549",4,"Annual Power Usage: 607.6 kWhRoom Size: 80 to 130 sq. ft.5 years warranty on Product, 5 Years warranty on PCB, 10 year warranty on Compressor (Applicable on purchase after Sept 2024 and warranty can be availed after registering on brand website within 30 days of purchase or via company ASP installation)"
Voltas 2025 Model 1.5 Ton 3 Star Split Inverter AC,"₹30,590",4.1,"Annual Power Usage: 975.26 kWhRoom Size: 130 to 180 sq. ft.5 years warranty from the date of installation, (Inverter or Fixed Speed SACs) of Tonnage up to 2.2 Tr (Offer valid till 31st May 2026). It is applicable only for residential usage and does not apply to commercial or National Accounts customers, 5 Years warranty on PCB, 10 Years on Inverter Compressor"
Blue Star 2026 Model 1.5 Ton 5 Star Split Inverter AC,"₹46,490",4.1,"Annual Power Usage: 701.68 kWhRoom Size: 130 to 180 sq. ft.1-Year Product Warranty, 10-Year Compressor Warranty and 5-Year PCB Warranty."
Godrej 2026 Model 2 Ton 3 Star Split Inverter with 5-in-1 convertible | AI Powered| Heavy Duty Cooling...,"₹36,490",3.9,"Annual Power Usage: 1076.57 kWhRoom Size: 180 to 230 sq. ft.5 years warranty on Product, 5 Years warranty on PCB, 10 year warranty on Compressor (Applicable on purchase after Sept 2024 and warranty can be availed after registering on brand website within 30 days of purchase or via company ASP installation)"
Godrej 2026 Model 1.5 Ton 4 Star Split Inverter with 5-in-1 convertible | AI Powered| Heavy Duty Cooli...,"₹33,990",4,"Annual Power Usage: 728.31 kWhRoom Size: 130 to 180 sq. ft.5 years warranty on Product, 5 Years warranty on PCB, 10 year warranty on Compressor (Applicable on purchase after Sept 2024 and warranty can be availed after registering on brand website within 30 days of purchase or via company ASP installation)"
Blue Star 2026 Model 1 Ton 3 Star Split Inverter AC,"₹32,490",4.1,"Annual Power Usage: 621.1 kWhRoom Size: 80 to 130 sq. ft.1-Year Product Warranty, 10-Year Compressor Warranty and 5-Year PCB Warranty."
Hitachi 2025 Model 1.5 Ton 3 Star Split Inverter AC,"₹28,890",4,Room Size: 130 to 180 sq. ft.
"Samsung Bespoke AI 2026 Model 2 Ton 3 Star Split Inverter with Wi-fi Energy Saving, Voice Control, Pow...","₹49,990",4,"Annual Power Usage: 1084.6 kWhRoom Size: 180 to 230 sq. ft.Manufacturer warranty: 5 year comprehensive, 10 years on compressor (T&C Apply)"
Voltas 2025 Model 1.5 Ton 3 Star Hot and Cold Split Inverter 4-IN-1 Adjustable Mode | Energy Efficient...,"₹33,690",4.1,"Annual Power Usage: 947.36 kWhRoom Size: 130 to 180 sq. ft.5 years warranty from the date of installation, (Inverter or Fixed Speed SACs) of Tonnage up to 2.2 Tr (Offer valid till 31st May 2026). It is applicable only for residential usage and does not apply to commercial or National Accounts customers, 5 Years warranty on PCB, 10 Years on Inverter Compressor"
Godrej 2026 Model 1 Ton 5 Star Split Inverter with 5-in-1 convertible | AI Powered| Heavy Duty Cooling...,"₹33,990",4,"Annual Power Usage: 468.65 kWhRoom Size: 80 to 130 sq. ft.5 years warranty on Product, 5 Years warranty on PCB, 10 year warranty on Compressor (Applicable on purchase after Sept 2024 and warranty can be availed after registering on brand website within 30 days of purchase or via company ASP installation)"
"LG 2026 Model 1.42 Ton 5 Star Split Smart Inverter Faster Cooling and Energy Saving, AI Convertible 6-...","₹47,490",,"Annual Power Usage: 1180 WRoom Size: 130 to 180 sq. ft.Manufacturer Warranty: 1 Year Comprehensive on Product, 5 Year on PCB and Motor & 10 Year on Compressor (*Free Gas charging during comprehensive period only | T&C Apply) | To claim, present your original Proof of Purchase (invoice), model and serial number of the Product while requesting service. Visit https://www.lg.com/in/support for details Call on our customer care number 8069379999, WhatsApp : 9711709999 | E-mail: serviceindia@lge.com"
"IFB 2026 Model 1.5 Ton 3 Star Split Inverter with Hybrid Mode, 8-in-1 Flexi Mode, Heavy Duty Compresso...","₹35,990",4.2,"Annual Power Usage: 854.7 kWhRoom Size: 130 to 180 sq. ft.1 Year Warranty on Product, 5 Years Warranty on PCB, 10 Years Warranty on Inverter Compressor"
Hisense 2026 Model 1.5 Ton 3 Star Split Inverter with Wi-fi AC,"₹31,990",3.9,"Annual Power Usage: 897.18 kWhRoom Size: 130 to 180 sq. ft.1 Year Comprehensive warranty on product, 5 year on PCB, 10 Year on Compressor"
MOTOROLA 2026 Model 1.5 Ton 3 Star Split Inverter with Wi-fi | Free Installation with 3-Year Comprehen...,"₹31,990",4.2,"Annual Power Usage: 858.22 kWhRoom Size: 130 to 180 sq. ft.3 Year on Product and 10 Years Warranty on Compressor

You additionally get the following benefits free of cost for the first 3 years:
-Gas recharge (maximum 2 times) and service basis requirement.

Please reach out to the brand for these benefits."
Godrej 2026 Model 1.5 Ton 5 Star Split Inverter with 5-in-1 convertible | AI Powered| Heavy Duty Cooli...,"₹36,990",4,"Annual Power Usage: 657.81 kWhRoom Size: 130 to 180 sq. ft.5 years warranty on Product, 5 Years warranty on PCB, 10 year warranty on Compressor (Applicable on purchase after Sept 2024 and warranty can be availed after registering on brand website within 30 days of purchase or via company ASP installation)"
Blue Star 2026 Model 1 Ton 5 Star Split Inverter with Wi-fi AC,"₹37,990",4.1,"Annual Power Usage: 495.16 kWhRoom Size: 80 to 130 sq. ft.1-Year Product Warranty, 10-Year Compressor Warranty and 5-Year PCB Warranty."
Lloyd 2025 Model 1.5 Ton 5 Star Split Inverter AC,"₹38,490",4.1,"Annual Power Usage: 715.07 WRoom Size: 130 to 180 sq. ft.1 Year Warranty on Product, 5 Year Warranty on Component & 10 Year Warranty on Compressor."
Whirlpool 2026 Model 1.5 Ton 3 Star Split Inverter AC,"₹29,890",4.1,Annual Power Usage: 858.22 UnitsRoom Size: 130 to 180 sq. ft.1 Year Comprehensive Warranty
Whirlpool 2026 Model 1.5 Ton 3 Star Split Inverter AC,"₹30,317",4.1,Annual Power Usage: 893.62 kWhRoom Size: 130 to 180 sq. ft.Compressor Warranty: 1+9 Years PCB Warranty: 1 +4 Years
MOTOROLA 2026 Model 2 Ton 3 Star Split Inverter with Wi-fi | Free Installation with 3-Year Comprehensi...,"₹38,990",4.2,"Annual Power Usage: 1098.15 kWhRoom Size: 180 to 230 sq. ft.3 Year on Product and 10 Years Warranty on Compressor

You additionally get the following benefits free of cost for the first 3 years:
-Gas recharge (maximum 2 times) and service basis requirement.

Please reach out to the brand for these benefits."
MOTOROLA 2026 Model 1 Ton 3 Star Split Inverter with Wi-fi | Free Installation with 3-Year Comprehensi...,"₹28,990",4.2,"Annual Power Usage: 611.13 kWhRoom Size: 80 to 130 sq. ft.3 Year on Product and 10 Years Warranty on Compressor

You additionally get the following benefits free of cost for the first 3 years:
-Gas recharge (maximum 2 times) and service basis requirement.

Please reach out to the brand for these benefits."
Whirlpool 2026 Model 1.5 Ton 3 Star Split Inverter AC,"₹30,900",4.1,"Annual Power Usage: 858.22 kWhRoom Size: 130 to 180 sq. ft.1 year warranty on product, 5 years  warranty on compressor"
Daikin 2026 Model 1 Ton 3 Star Split Inverter AC,"₹33,490",4.1,Annual Power Usage: 619.31 kWhRoom Size: 80 to 130 sq. ft.5 YearsWarranty on Product and 5 Years Warranty on PCB and 10 Years Warranty on Compressor 1st July 2026 to 31st July 2026.
MOTOROLA 2026 Model 1.5 Ton 5 Star Split Inverter with Wi-fi | Free Installation with 3-Year Comprehen...,"₹36,990",4.2,"Annual Power Usage: 656.35 kWhRoom Size: 130 to 180 sq. ft.3 Year on Product and 10 Years Warranty on Compressor

You additionally get the following benefits free of cost for the first 3 years:
-Gas recharge (maximum 2 times) and service basis requirement.

Please reach out to the brand for these benefits."
Godrej 2026 Model 1 Ton 3 Star Split Inverter with 5-in-1 convertible | AI Powered| Heavy Duty Cooling...,"₹27,549",4,"Annual Power Usage: 607.6 kWhRoom Size: 80 to 130 sq. ft.5 years warranty on Product, 5 Years warranty on PCB, 10 year warranty on Compressor (Applicable on purchase after Sept 2024 and warranty can be availed after registering on brand website within 30 days of purchase or via company ASP installation)"
"IFB 2026 Model 1.5 Tons 5 Star Split Inverter with Hybrid Mode, 8-in-1 Flexi Mode, Heavy Duty Compress...","₹41,990",4.2,"Annual Power Usage: 644.41 kWhRoom Size: 130 to 180 sq. ft.1 Year Warranty on Product, 5 Year Warranty on PCB, 10 Year Warranty on Inverter Compressor"
Panasonic 2025 Model 1.5 Ton 3 Star Split Inverter with Wi-fi AC,"₹32,590",4.1,"Annual Power Usage: 977.16 UnitsRoom Size: 130 to 180 sq. ft.1 Year Comprehensive on Product,
5 Years on PCB, 
10 Years on Compressor"
"ONIDA 2026 Model 1.5 Ton 3 Star Split Inverter 9-in-1 Convertible, Stabilizer Free Operation, Deep fro...","₹30,990",4.1,"Annual Power Usage: 841.86 kWhRoom Size: 130 to 180 sq. ft.1 Year Comprehensive warranty on Product, 5 Year warranty on PCB and 10 Year warranty on Compressor"
CARRIER 2026 Model 1.5 Ton 3 Star Window Fixed Speed AC,"₹29,969",4.3,"Annual Power Usage: 1131.74 kWhRoom Size: 130 to 180 sq. ft.1 Year Warranty on Product, 10 Year Warranty on Compressor"
Godrej 2026 Model 2 Ton 3 Star Split Inverter with 5-in-1 convertible | AI Powered| Heavy Duty Cooling...,"₹36,490",3.9,"Annual Power Usage: 1076.57 kWhRoom Size: 180 to 230 sq. ft.5 years warranty on Product, 5 Years warranty on PCB, 10 year warranty on Compressor (Applicable on purchase after Sept 2024 and warranty can be availed after registering on brand website within 30 days of purchase or via company ASP installation)"
Godrej 2026 Model 1.5 Ton 4 Star Split Inverter with 5-in-1 convertible | AI Powered| Heavy Duty Cooli...,"₹33,990",4,"Annual Power Usage: 728.31 kWhRoom Size: 130 to 180 sq. ft.5 years warranty on Product, 5 Years warranty on PCB, 10 year warranty on Compressor (Applicable on purchase after Sept 2024 and warranty can be availed after registering on brand website within 30 days of purchase or via company ASP installation)"
Hitachi 2025 Model 1.5 Ton 5 Star Split Inverter AC,"₹36,990",4,"Annual Power Usage: 774.58 kWhRoom Size: 130 to 180 sq. ft.1 Year on the product, 5 Years on Component (including PCB) and 10 Years on the Compressor"
Daikin 2026 Model 1.5 Ton 3 Star Split Inverter AC,"₹37,490",4.2,Annual Power Usage: 880.1 kWhRoom Size: 130 to 180 sq. ft.5 YearsWarranty on Product and 5 Years Warranty on PCB and 10 Years Warranty on Compressor 1st July 2026 to 31st July 2026.
"LG 2026 Model 1.42 Ton 5 Star Split Smart Inverter Faster Cooling and Energy Saving, AI Convertible 6-...","₹47,490",,"Annual Power Usage: 1180 WRoom Size: 130 to 180 sq. ft.Manufacturer Warranty: 1 Year Comprehensive on Product, 5 Year on PCB and Motor & 10 Year on Compressor (*Free Gas charging during comprehensive period only | T&C Apply) | To claim, present your original Proof of Purchase (invoice), model and serial number of the Product while requesting service. Visit https://www.lg.com/in/support for details Call on our customer care number 8069379999, WhatsApp : 9711709999 | E-mail: serviceindia@lge.com"
Godrej 2026 Model 1 Ton 5 Star Split Inverter with 5-in-1 convertible | AI Powered| Heavy Duty Cooling...,"₹33,990",4,"Annual Power Usage: 468.65 kWhRoom Size: 80 to 130 sq. ft.5 years warranty on Product, 5 Years warranty on PCB, 10 year warranty on Compressor (Applicable on purchase after Sept 2024 and warranty can be availed after registering on brand website within 30 days of purchase or via company ASP installation)"
"Daikin 2026 Model 1.8 Ton 3 Star Hot and Cold Split Inverter PM1.0 Filter, Hot & Cold, Inverter, ISEER...","₹52,490",4.1,Annual Power Usage: 1055.07 kWhRoom Size: 180 to 230 sq. ft.5 YearsWarranty on Product and 5 Years Warranty on PCB and 10 Years Warranty on Compressor 1st July 2026 to 31st July 2026.
CARRIER 2026 Model 1.5 Ton 3 Star Split Inverter AC,"₹33,990",4.2,"Annual Power Usage: 854.39 kWhRoom Size: 130 to 180 sq. ft.Standard Warranty = (1 Year Standard + 10 Years Compressor), Extended Warranty (Optional) = 4 Years post 1 year Standard Warranty."
"Haier 2025 Model 1.5 Ton 5 Star Split Inverter Intelli-Convertible 7 in1 ConvertibleHD Filter, Frost S...","₹33,090",4.1,Annual Power Usage: 714.29 UnitsRoom Size: 130 to 180 sq. ft.5 years on the product and 12 years on the compressor (1-year warranty card in the box + 4-year promotional warranty auto activated post-installation).
Voltas 2026 Model 1.5 Ton 5 Star Split Inverter AC,"₹42,990",4.2,"Annual Power Usage: 685.61 kWhRoom Size: 130 to 180 sq. ft.Voltas  5 Year warranty from the date of installation, (Inverter or Fixed Speed SACs) of Tonnage up to 2.2 Tr (Offer valid only from 1st January 2026 to 31st December 2027)."
MOTOROLA 2026 Model 1.5 Ton 3 Star Split Inverter with Wi-fi | Free Installation with 3-Year Comprehen...,"₹31,990",4.2,"Annual Power Usage: 858.22 kWhRoom Size: 130 to 180 sq. ft.3 Year on Product and 10 Years Warranty on Compressor

You additionally get the following benefits free of cost for the first 3 years:
-Gas recharge (maximum 2 times) and service basis requirement.

Please reach out to the brand for these benefits."
MOTOROLA 2026 Model 2 Ton 3 Star Split Inverter with Wi-fi | Free Installation with 3-Year Comprehensi...,"₹38,990",4.2,"Annual Power Usage: 1098.15 kWhRoom Size: 180 to 230 sq. ft.3 Year on Product and 10 Years Warranty on Compressor

You additionally get the following benefits free of cost for the first 3 years:
-Gas recharge (maximum 2 times) and service basis requirement.

Please reach out to the brand for these benefits."
Midea 2026 Model 1.5 Ton 3 Star Split AI Inverter with Wi-fi Convertible 6-in-1 with Turbo Mode for Fa...,"₹29,990",4.3,"Annual Power Usage: 854.39 kWhRoom Size: 130 to 180 sq. ft.5 Year Comprehensive Warranty On Product,10 Year Warranty On Compressor"
"Samsung Bespoke AI 2026 Model 1 Ton 3 Star Split Inverter with Wi-fi Energy Saving, Voice Control, Pow...","₹33,490",4.2,Annual Power Usage: 585.36 kWhRoom Size: 80 to 130 sq. ft.5 year comprehensive warranty on product and 10 years warranty on compressor
MOTOROLA 2026 Model 1.5 Ton 5 Star Split Inverter with Wi-fi | Free Installation with 3-Year Comprehen...,"₹36,990",4.2,"Annual Power Usage: 656.35 kWhRoom Size: 130 to 180 sq. ft.3 Year on Product and 10 Years Warranty on Compressor

You additionally get the following benefits free of cost for the first 3 years:
-Gas recharge (maximum 2 times) and service basis requirement.

Please reach out to the brand for these benefits."
Godrej 2026 Model 1.5 Ton 5 Star Split Inverter with 5-in-1 convertible | AI Powered| Heavy Duty Cooli...,"₹36,990",4,"Annual Power Usage: 657.81 kWhRoom Size: 130 to 180 sq. ft.5 years warranty on Product, 5 Years warranty on PCB, 10 year warranty on Compressor (Applicable on purchase after Sept 2024 and warranty can be availed after registering on brand website within 30 days of purchase or via company ASP installation)"
Blue Star 2026 Model 2 Ton 3 Star Split Inverter with Wi-fi AC,"₹49,990",4,"Annual Power Usage: 1131.55 kWhRoom Size: 180 to 230 sq. ft.1-Year Product Warranty, 10-Year Compressor Warranty and 5-Year PCB Warranty."
"Samsung Bespoke AI 2026 Model 1.5 ton 3 Star Split WindFree Inverter with Wi-fi Energy Saving, Voice C...","₹38,990",4.1,Annual Power Usage: 829.57 kWhRoom Size: 130 to 180 sq. ft.5 year comprehensive warranty on product and 10 years warranty on compressor
"LG 2026 Model 1.5 Ton 3 Star Split Smart Inverter Faster Cooling and Energy Saving, AI Convertible 6-i...","₹35,990",4,"Annual Power Usage: 769.6 kWhRoom Size: 130 to 180 sq. ft.Manufacturer Warranty: 1 Year Comprehensive on Product, 5 Year on PCB and Motor & 10 Year on Compressor (Free Gas charging during comprehensive period only"
"Midea 2026 Model 1.5 Ton 3 Star Split Inverter Convertible 6-in-1 with Auto Intelligence,Turbo Mode fo...","₹28,990",4.3,"Annual Power Usage: 854.39 kWhRoom Size: 130 to 180 sq. ft.5 Year Comprehensive Warranty On Product,10 Year Warranty On Compressor"
Godrej 2026 Model 2 Ton 3 Star Split Inverter with 5-in-1 convertible | AI Powered| Heavy Duty Cooling...,"₹36,490",3.9,"Annual Power Usage: 1076.57 kWhRoom Size: 180 to 230 sq. ft.5 years warranty on Product, 5 Years warranty on PCB, 10 year warranty on Compressor (Applicable on purchase after Sept 2024 and warranty can be availed after registering on brand website within 30 days of purchase or via company ASP installation)"
Godrej 2026 Model 1.5 Ton 4 Star Split Inverter with 5-in-1 convertible | AI Powered| Heavy Duty Cooli...,"₹33,990",4,"Annual Power Usage: 728.31 kWhRoom Size: 130 to 180 sq. ft.5 years warranty on Product, 5 Years warranty on PCB, 10 year warranty on Compressor (Applicable on purchase after Sept 2024 and warranty can be availed after registering on brand website within 30 days of purchase or via company ASP installation)"
Blue Star 2026 Model 1.5 Ton 3 Star Split Inverter with Wi-fi AC,"₹37,490",4.1,"Annual Power Usage: 918.45 kWhRoom Size: 130 to 180 sq. ft.1-Year Product Warranty, 10-Year Compressor Warranty and 5-Year PCB Warranty."
Lloyd 2026 Model 1.5 Ton 3 Star Split Inverter with Wi-fi AC,"₹35,990",4,"Annual Power Usage: 831.01 kWhRoom Size: 130 to 180 sq. ft.1 Year Comprehensive Warranty on Product, 5 Year Warranty on Component and 10 Years Warranty on Compressor"
Godrej 2026 Model 1 Ton 5 Star Split Inverter with 5-in-1 convertible | AI Powered| Heavy Duty Cooling...,"₹33,990",4,"Annual Power Usage: 468.65 kWhRoom Size: 80 to 130 sq. ft.5 years warranty on Product, 5 Years warranty on PCB, 10 year warranty on Compressor (Applicable on purchase after Sept 2024 and warranty can be availed after registering on brand website within 30 days of purchase or via company ASP installation)"
"LG 2026 Model 1.42 Ton 5 Star Split Smart Inverter Faster Cooling and Energy Saving, AI Convertible 6-...","₹47,490",,"Annual Power Usage: 1180 WRoom Size: 130 to 180 sq. ft.Manufacturer Warranty: 1 Year Comprehensive on Product, 5 Year on PCB and Motor & 10 Year on Compressor (*Free Gas charging during comprehensive period only | T&C Apply) | To claim, present your original Proof of Purchase (invoice), model and serial number of the Product while requesting service. Visit https://www.lg.com/in/support for details Call on our customer care number 8069379999, WhatsApp : 9711709999 | E-mail: serviceindia@lge.com"
CARRIER 2026 Model 1.5 Ton 3 Star Split Inverter with Wi-fi AC,"₹33,990",4.2,"Annual Power Usage: 854.39 kWhRoom Size: 130 to 180 sq. ft.Standard Warranty = (1 Year Standard + 10 Years Compressor), Extended Warranty (Optional) = 4 Years post 1 year Standard Warranty."
MOTOROLA 2026 Model 2 Ton 3 Star Split Inverter with Wi-fi | Free Installation with 3-Year Comprehensi...,"₹38,990",4.2,"Annual Power Usage: 1098.15 kWhRoom Size: 180 to 230 sq. ft.3 Year on Product and 10 Years Warranty on Compressor

You additionally get the following benefits free of cost for the first 3 years:
-Gas recharge (maximum 2 times) and service basis requirement.

Please reach out to the brand for these benefits."
Daikin 2026 Model 0.9 Ton 2 Star Split Fixed Speed AC,"₹26,990",4.2,"Annual Power Usage: 582.13 kWhRoom Size: 80 to 130 sq. ft.1 Year Comprehensive Warranty, 5 Years Warranty On PCB"
LG 2026 Model 1.5 Ton 3 Star Window Dual Inverter Convertible 4-in-1 Cooling with Faster Cooling and E...,"₹36,490",4.1,Annual Power Usage: 1070.79 UnitsRoom Size: 130 to 180 sq. ft.1 Year Comprehensive on Product
MOTOROLA 2026 Model 1.5 Ton 3 Star Split Inverter with Wi-fi | Free Installation with 3-Year Comprehen...,"₹31,990",4.2,"Annual Power Usage: 858.22 kWhRoom Size: 130 to 180 sq. ft.3 Year on Product and 10 Years Warranty on Compressor

You additionally get the following benefits free of cost for the first 3 years:
-Gas recharge (maximum 2 times) and service basis requirement.

Please reach out to the brand for these benefits."
Godrej 2026 Model 1.5 Ton 5 Star Split Inverter with 5-in-1 convertible | AI Powered| Heavy Duty Cooli...,"₹36,990",4,"Annual Power Usage: 657.81 kWhRoom Size: 130 to 180 sq. ft.5 years warranty on Product, 5 Years warranty on PCB, 10 year warranty on Compressor (Applicable on purchase after Sept 2024 and warranty can be availed after registering on brand website within 30 days of purchase or via company ASP installation)"
Voltas 2026 Model 1.5 Ton 3 Star Split Inverter AC,"₹33,990",4.1,"Annual Power Usage: 900.94 kWhRoom Size: 130 to 180 sq. ft.Voltas  5 Year warranty from the date of installation, (Inverter or Fixed Speed SACs) of Tonnage up to 2.2 Tr (Offer valid only from 1st January 2026 to 31st December 2027)."
Lloyd 2026 Model 2 Ton 5 Star Split Inverter AC,"₹59,990",3.9,"Annual Power Usage: 807.66 kWhRoom Size: 180 to 230 sq. ft.1 Year Comprehensive Warranty on AC, 5 Year Warranty on Component and 10 Years Warranty on Compressor"
MOTOROLA 2026 Model 2 Ton 3 Star Split Inverter with Wi-fi | Free Installation with 3-Year Comprehensi...,"₹38,990",4.2,"Annual Power Usage: 1098.15 kWhRoom Size: 180 to 230 sq. ft.3 Year on Product and 10 Years Warranty on Compressor

You additionally get the following benefits free of cost for the first 3 years:
-Gas recharge (maximum 2 times) and service basis requirement.

Please reach out to the brand for these benefits."
MOTOROLA 2026 Model 1 Ton 3 Star Split Inverter with Wi-fi | Free Installation with 3-Year Comprehensi...,"₹28,990",4.2,"Annual Power Usage: 611.13 kWhRoom Size: 80 to 130 sq. ft.3 Year on Product and 10 Years Warranty on Compressor

You additionally get the following benefits free of cost for the first 3 years:
-Gas recharge (maximum 2 times) and service basis requirement.

Please reach out to the brand for these benefits."
Voltas 2026 Model 2 Ton 5 Star Split Inverter AC,"₹58,990",4.2,"Annual Power Usage: 857.53 kWhRoom Size: 180 to 230 sq. ft.Voltas  5 Year warranty from the date of installation, (Inverter or Fixed Speed SACs) of Tonnage up to 2.2 Tr (Offer valid only from 1st January 2026 to 31st December 2027)."
Godrej 2025 Model 1 Ton 3 Star Split Inverter with Wi-fi With 4 Way Air Swing and Pure Air Filter AC,"₹24,790",4,"Annual Power Usage: 1054 UnitsRoom Size: 80 to 130 sq. ft.5 Years Warranty on Whole Product (Valid on sales post 1 Sep 2024, warranty can be availed after registering on Brand website within 7 days of purchase) and 10 Years Warranty on Compressor"
"Panasonic 2026 Model 1 Ton 3 Star Split Inverter with Wi-fi Smart, DustBuster Tech, Matter Enabled, AI...","₹35,990",4.2,"Annual Power Usage: 593.89 kWhRoom Size: 80 to 130 sq. ft.1 Year Comprehensive on Product,
10 Years on Compressor,
5 Years on PCB"
Daikin 2026 Model 1 Ton 5 Star Split Inverter AC,"₹39,490",4.2,Annual Power Usage: 475.37 kWhRoom Size: 80 to 130 sq. ft.5 YearsWarranty on Product and 5 Years Warranty on PCB and 10 Years Warranty on Compressor 1st July 2026 to 31st July 2026.
MOTOROLA 2026 Model 1.5 Ton 5 Star Split Inverter with Wi-fi | Free Installation with 3-Year Comprehen...,"₹36,990",4.2,"Annual Power Usage: 656.35 kWhRoom Size: 130 to 180 sq. ft.3 Year on Product and 10 Years Warranty on Compressor

You additionally get the following benefits free of cost for the first 3 years:
-Gas recharge (maximum 2 times) and service basis requirement.

Please reach out to the brand for these benefits."
Godrej 2026 Model 1 Ton 3 Star Split Inverter with 5-in-1 convertible | AI Powered| Heavy Duty Cooling...,"₹27,549",4,"Annual Power Usage: 607.6 kWhRoom Size: 80 to 130 sq. ft.5 years warranty on Product, 5 Years warranty on PCB, 10 year warranty on Compressor (Applicable on purchase after Sept 2024 and warranty can be availed after registering on brand website within 30 days of purchase or via company ASP installation)"
Whirlpool 2026 Model 1 Ton 3 Star Split Inverter AC,"₹29,440",4.1,"Annual Power Usage: 594.03 kWhRoom Size: 80 to 130 sq. ft.1 year warranty on product, 5 years  warranty on compressor"
Voltas 2026 Model 1.5 Ton 2 Star Window Fixed Speed AC,"₹27,499",3.8,"Annual Power Usage: 1199.87 kWhRoom Size: 130 to 180 sq. ft.Voltas  5 Year warranty from the date of installation, (Inverter or Fixed Speed SACs) of Tonnage up to 2.2 Tr (Offer valid only from 1st January 2026 to 31st December 2027)."
Godrej 2026 Model 2 Ton 3 Star Split Inverter with 5-in-1 convertible | AI Powered| Heavy Duty Cooling...,"₹36,490",3.9,"Annual Power Usage: 1076.57 kWhRoom Size: 180 to 230 sq. ft.5 years warranty on Product, 5 Years warranty on PCB, 10 year warranty on Compressor (Applicable on purchase after Sept 2024 and warranty can be availed after registering on brand website within 30 days of purchase or via company ASP installation)"
Godrej 2026 Model 1.5 Ton 4 Star Split Inverter with 5-in-1 convertible | AI Powered| Heavy Duty Cooli...,"₹33,990",4,"Annual Power Usage: 728.31 kWhRoom Size: 130 to 180 sq. ft.5 years warranty on Product, 5 Years warranty on PCB, 10 year warranty on Compressor (Applicable on purchase after Sept 2024 and warranty can be availed after registering on brand website within 30 days of purchase or via company ASP installation)"
Daikin 2024 Model 1 Ton 3 Star Split Inverter AC,"₹28,690",4.1,Annual Power Usage: 680.4 UnitsRoom Size: 80 to 130 sq. ft.5 YearsWarranty on Product and 5 Years Warranty on PCB and 10 Years Warranty on Compressor 1st July 2026 to 31st July 2026.
Voltas 2026 Model 2 Ton 5 Star Split Inverter AC,"₹58,990",4.2,"Annual Power Usage: 857.53 kWhRoom Size: 180 to 230 sq. ft.Voltas  5 Year warranty from the date of installation, (Inverter or Fixed Speed SACs) of Tonnage up to 2.2 Tr (Offer valid only from 1st January 2026 to 31st December 2027)."
"Godrej 2025 Model 1.5 Ton 4 Star Split Inverter 5-In-1-Convertible Cooling, 4 Way Air Swing And Heavy ...","₹27,390",4,"Annual Power Usage: 835.07 UnitsRoom Size: 130 to 180 sq. ft.5 Years Warranty on Whole Product (Valid on sales post 1 Sep 2024, warranty can be availed after registering on Brand website within 7 days of purchase) and 10 Years Warranty on Compressor"
"ONIDA 2026 Model 2 Ton 3 Star Split Inverter 9-in-1 Convertible, Stabilizer Free Operation, Deep frost...","₹40,990",4.1,"Annual Power Usage: 1105.45 kWhRoom Size: 180 to 230 sq. ft.1 Year Comprehensive warranty on Product, 5 Year warranty on PCB and 10 Year warranty on Compressor"
Godrej 2026 Model 1 Ton 5 Star Split Inverter with 5-in-1 convertible | AI Powered| Heavy Duty Cooling...,"₹33,990",4,"Annual Power Usage: 468.65 kWhRoom Size: 80 to 130 sq. ft.5 years warranty on Product, 5 Years warranty on PCB, 10 year warranty on Compressor (Applicable on purchase after Sept 2024 and warranty can be availed after registering on brand website within 30 days of purchase or via company ASP installation)"
MOTOROLA 2026 Model 1.5 Ton 3 Star Split Inverter with Wi-fi | Free Installation with 3-Year Comprehen...,"₹31,990",4.2,"Annual Power Usage: 858.22 kWhRoom Size: 130 to 180 sq. ft.3 Year on Product and 10 Years Warranty on Compressor

You additionally get the following benefits free of cost for the first 3 years:
-Gas recharge (maximum 2 times) and service basis requirement.

Please reach out to the brand for these benefits."
Whirlpool 2026 Model 1.5 Ton 3 Star Split Inverter AC,"₹29,890",4.1,Annual Power Usage: 858.22 UnitsRoom Size: 130 to 180 sq. ft.1 Year Comprehensive Warranty
Lloyd 2025 Model 1.5 Ton 5 Star Split Inverter AC,"₹38,490",4.1,"Annual Power Usage: 715.07 WRoom Size: 130 to 180 sq. ft.1 Year Warranty on Product, 5 Year Warranty on Component & 10 Year Warranty on Compressor."
"LG 2026 Model 1.42 Ton 5 Star Split Smart Inverter Faster Cooling and Energy Saving, AI Convertible 6-...","₹47,490",,"Annual Power Usage: 1180 WRoom Size: 130 to 180 sq. ft.Manufacturer Warranty: 1 Year Comprehensive on Product, 5 Year on PCB and Motor & 10 Year on Compressor (*Free Gas charging during comprehensive period only | T&C Apply) | To claim, present your original Proof of Purchase (invoice), model and serial number of the Product while requesting service. Visit https://www.lg.com/in/support for details Call on our customer care number 8069379999, WhatsApp : 9711709999 | E-mail: serviceindia@lge.com"
MOTOROLA 2026 Model 2 Ton 3 Star Split Inverter with Wi-fi | Free Installation with 3-Year Comprehensi...,"₹38,990",4.2,"Annual Power Usage: 1098.15 kWhRoom Size: 180 to 230 sq. ft.3 Year on Product and 10 Years Warranty on Compressor

You additionally get the following benefits free of cost for the first 3 years:
-Gas recharge (maximum 2 times) and service basis requirement.

Please reach out to the brand for these benefits."
Haier 2026 Model 1.8 Ton 5 Star Split HEXA Inverter with Wi-fi AC,"₹50,990",4,Annual Power Usage: 747.64 kWhRoom Size: 180 to 230 sq. ft.7 Years Comprehensive Warranty on Product & parts (including PCB) and 12 years Warranty on Compressor
Haier 2026 Model 1.5 Ton 5 Star Split HEXA Inverter with Wi-fi AC,"₹47,990",4.1,Annual Power Usage: 701.7 kWhRoom Size: 130 to 180 sq. ft.5 years on the product and 12 years on the compressor (1-year warranty card in the box + 4-year promotional warranty auto activated post-installation).
IFB 2026 Model 1 Ton 3 Star Split Inverter AC,"₹29,457",4.1,Room Size: 80 to 130 sq. ft.
Godrej 2023 Model 1.5 Ton 5 Star Split Inverter AC,"₹38,300",4,Annual Power Usage: 765.86 UnitsRoom Size: 130 to 180 sq. ft.1 Year Warranty on Product and 10 Years Warranty on Compressor
Godrej 2026 Model 1.5 Ton 5 Star Split Inverter with 5-in-1 convertible | AI Powered| Heavy Duty Cooli...,"₹36,990",4,"Annual Power Usage: 657.81 kWhRoom Size: 130 to 180 sq. ft.5 years warranty on Product, 5 Years warranty on PCB, 10 year warranty on Compressor (Applicable on purchase after Sept 2024 and warranty can be availed after registering on brand website within 30 days of purchase or via company ASP installation)"
MOTOROLA 2026 Model 1.5 Ton 5 Star Split Inverter with Wi-fi | Free Installation with 3-Year Comprehen...,"₹36,990",4.2,"Annual Power Usage: 656.35 kWhRoom Size: 130 to 180 sq. ft.3 Year on Product and 10 Years Warranty on Compressor

You additionally get the following benefits free of cost for the first 3 years:
-Gas recharge (maximum 2 times) and service basis requirement.

Please reach out to the brand for these benefits."
"Samsung Bespoke AI 2026 Model 1 Ton 3 Star Split Inverter with Wi-fi Energy Saving, Voice Control, Pow...","₹33,490",4.2,Annual Power Usage: 585.36 kWhRoom Size: 80 to 130 sq. ft.5 year comprehensive warranty on product and 10 years warranty on compressor
LG 2025 Model 1 Ton 5 Star Split AI Dual Inverter AI Convertible 6-in-1 Split with Faster Cooling and ...,"₹35,490",4.2,"Annual Power Usage: 515.84 kWhRoom Size: 80 to 130 sq. ft.1 Year Warranty on Product,5 year on Pcb and 10 Years Warranty on Compressor"
MOTOROLA 2026 Model 1 Ton 3 Star Split Inverter with Wi-fi | Free Installation with 3-Year Comprehensi...,"₹28,990",4.2,"Annual Power Usage: 611.13 kWhRoom Size: 80 to 130 sq. ft.3 Year on Product and 10 Years Warranty on Compressor

You additionally get the following benefits free of cost for the first 3 years:
-Gas recharge (maximum 2 times) and service basis requirement.

Please reach out to the brand for these benefits."
Godrej 2026 Model 1 Ton 3 Star Split Inverter with 5-in-1 convertible | AI Powered| Heavy Duty Cooling...,"₹27,549",4,"Annual Power Usage: 607.6 kWhRoom Size: 80 to 130 sq. ft.5 years warranty on Product, 5 Years warranty on PCB, 10 year warranty on Compressor (Applicable on purchase after Sept 2024 and warranty can be availed after registering on brand website within 30 days of purchase or via company ASP installation)"
Godrej 2025 Model 1.2 Ton 3 Star Split Digital Inverter AC,"₹27,990",4.3,Room Size: 80 to 130 sq. ft.
Blue Star 2026 Model 2 Ton 3 Star Split Inverter with Wi-fi AC,"₹49,990",4,"Annual Power Usage: 1131.55 kWhRoom Size: 180 to 230 sq. ft.1-Year Product Warranty, 10-Year Compressor Warranty and 5-Year PCB Warranty."
Godrej 2025 Model 1 Ton 3 Star Split Inverter 5-In-1-Convertible Cooling with Heavy Duty Cooling At Ex...,"₹21,790",4,"Annual Power Usage: 1034 UnitsRoom Size: 80 to 130 sq. ft.5 Years Warranty on Whole Product (Valid on sales post 1 Sep 2024, warranty can be availed after registering on Brand website within 7 days of purchase) and 10 Years Warranty on Compressor"
Blue Star 2025 Model 1.5 Ton 5 Star Split Inverter AC,"₹39,990",4.1,"Annual Power Usage: 782.29 WRoom Size: 130 to 180 sq. ft.1-Year Product Warranty, 10-Year Compressor Warranty and 5-Year PCB Warranty."
Godrej 2026 Model 2 Ton 3 Star Split Inverter with 5-in-1 convertible | AI Powered| Heavy Duty Cooling...,"₹36,490",3.9,"Annual Power Usage: 1076.57 kWhRoom Size: 180 to 230 sq. ft.5 years warranty on Product, 5 Years warranty on PCB, 10 year warranty on Compressor (Applicable on purchase after Sept 2024 and warranty can be availed after registering on brand website within 30 days of purchase or via company ASP installation)"
Godrej 2026 Model 1.5 Ton 4 Star Split Inverter with 5-in-1 convertible | AI Powered| Heavy Duty Cooli...,"₹33,990",4,"Annual Power Usage: 728.31 kWhRoom Size: 130 to 180 sq. ft.5 years warranty on Product, 5 Years warranty on PCB, 10 year warranty on Compressor (Applicable on purchase after Sept 2024 and warranty can be availed after registering on brand website within 30 days of purchase or via company ASP installation)"
Sharp 2026 Model 1.5 Ton 3 Star Window Fixed Speed AC,"₹31,949",4,Annual Power Usage: 1137.94 UnitsRoom Size: 130 to 180 sq. ft.5 years Comprehensive Warranty
Lloyd 2026 Model 1.5 Ton 5 Star Split Inverter with Wi-fi AC,"₹44,990",4.1,"Annual Power Usage: 646.32 kWhRoom Size: 130 to 180 sq. ft.1 Year Comprehensive Warranty on Product, 5 Year Warranty on Component and 10 Years Warranty on Compressor"
Godrej 2026 Model 1 Ton 5 Star Split Inverter with 5-in-1 convertible | AI Powered| Heavy Duty Cooling...,"₹33,990",4,"Annual Power Usage: 468.65 kWhRoom Size: 80 to 130 sq. ft.5 years warranty on Product, 5 Years warranty on PCB, 10 year warranty on Compressor (Applicable on purchase after Sept 2024 and warranty can be availed after registering on brand website within 30 days of purchase or via company ASP installation)"
"LG 2026 Model 1.42 Ton 5 Star Split Smart Inverter Faster Cooling and Energy Saving, AI Convertible 6-...","₹47,490",,"Annual Power Usage: 1180 WRoom Size: 130 to 180 sq. ft.Manufacturer Warranty: 1 Year Comprehensive on Product, 5 Year on PCB and Motor & 10 Year on Compressor (*Free Gas charging during comprehensive period only | T&C Apply) | To claim, present your original Proof of Purchase (invoice), model and serial number of the Product while requesting service. Visit https://www.lg.com/in/support for details Call on our customer care number 8069379999, WhatsApp : 9711709999 | E-mail: serviceindia@lge.com"
Whirlpool 2024 Model 1.5 Ton 3 Star Split Inverter AC,"₹30,490",4.1,Annual Power Usage: 941.42 UnitsRoom Size: 130 to 180 sq. ft.
"IFB 2026 Model 2 Tons 3 Star Split Inverter with Hybrid Mode, 8-in-1 Flexi Mode, Heavy Duty Compressor...","₹48,200",4.3,"Annual Power Usage: 1104.43 kWhRoom Size: 180 to 230 sq. ft.1 Year Warranty on Product, 5 Year Warranty on PCB, 10 Year Warranty on Inverter Compressor"
Daikin 2025 Model 1 Ton 5 Star Split Inverter AC,"₹34,548",4.2,Annual Power Usage: 523.54 UnitsRoom Size: 80 to 130 sq. ft.5 YearsWarranty on Product and 5 Years Warranty on PCB and 10 Years Warranty on Compressor 1st July 2026 to 31st July 2026.
Whirlpool 2026 Model 1.5 Ton 3 Star Window Inverter AC,"₹29,580",3.8,Annual Power Usage: 1122.36 UnitsRoom Size: 130 to 180 sq. ft.1+4 Years On Compressor Warranty
MOTOROLA 2026 Model 1.5 Ton 3 Star Split Inverter with Wi-fi | Free Installation with 3-Year Comprehen...,"₹31,990",4.2,"Annual Power Usage: 858.22 kWhRoom Size: 130 to 180 sq. ft.3 Year on Product and 10 Years Warranty on Compressor

You additionally get the following benefits free of cost for the first 3 years:
-Gas recharge (maximum 2 times) and service basis requirement.

Please reach out to the brand for these benefits."
Godrej 2026 Model 1.5 Ton 5 Star Split Inverter with 5-in-1 convertible | AI Powered| Heavy Duty Cooli...,"₹36,990",4,"Annual Power Usage: 657.81 kWhRoom Size: 130 to 180 sq. ft.5 years warranty on Product, 5 Years warranty on PCB, 10 year warranty on Compressor (Applicable on purchase after Sept 2024 and warranty can be availed after registering on brand website within 30 days of purchase or via company ASP installation)"
Whirlpool 2026 Model 1.5 Ton 5 Star Split Inverter AC,"₹41,399",4.2,Annual Power Usage: 692.03 UnitsRoom Size: 130 to 180 sq. ft.1+9 Years Compressor Warranty
Voltas 2025 Model 1.5 Ton 3 Star Hot and Cold Split Inverter 4-IN-1 Adjustable Mode | Energy Efficient...,"₹33,690",4.1,"Annual Power Usage: 947.36 kWhRoom Size: 130 to 180 sq. ft.5 years warranty from the date of installation, (Inverter or Fixed Speed SACs) of Tonnage up to 2.2 Tr (Offer valid till 31st May 2026). It is applicable only for residential usage and does not apply to commercial or National Accounts customers, 5 Years warranty on PCB, 10 Years on Inverter Compressor"
MOTOROLA 2026 Model 2 Ton 3 Star Split Inverter with Wi-fi | Free Installation with 3-Year Comprehensi...,"₹38,990",4.2,"Annual Power Usage: 1098.15 kWhRoom Size: 180 to 230 sq. ft.3 Year on Product and 10 Years Warranty on Compressor

You additionally get the following benefits free of cost for the first 3 years:
-Gas recharge (maximum 2 times) and service basis requirement.

Please reach out to the brand for these benefits."
MOTOROLA 2026 Model 1.5 Ton 5 Star Split Inverter with Wi-fi | Free Installation with 3-Year Comprehen...,"₹36,990",4.2,"Annual Power Usage: 656.35 kWhRoom Size: 130 to 180 sq. ft.3 Year on Product and 10 Years Warranty on Compressor

You additionally get the following benefits free of cost for the first 3 years:
-Gas recharge (maximum 2 times) and service basis requirement.

Please reach out to the brand for these benefits."
Daikin 2025 Model 1.5 Ton 5 Star Split Inverter AC,"₹44,765",4.3,Annual Power Usage: 785.67 UnitsRoom Size: 130 to 180 sq. ft.5 YearsWarranty on Product and 5 Years Warranty on PCB and 10 Years Warranty on Compressor 1st July 2026 to 31st July 2026.
Lloyd 2023 Model 1 Ton 2 Star Window Fixed Speed AC,"₹26,690",3.9,Annual Power Usage: 808.94 UnitsRoom Size: 80 to 130 sq. ft.1 Year Comprehensive Warranty on Product and 5 Years Warranty on Compressor
MOTOROLA 2026 Model 2 Ton 3 Star Split Inverter with Wi-fi | Free Installation with 3-Year Comprehensi...,"₹38,990",4.2,"Annual Power Usage: 1098.15 kWhRoom Size: 180 to 230 sq. ft.3 Year on Product and 10 Years Warranty on Compressor

You additionally get the following benefits free of cost for the first 3 years:
-Gas recharge (maximum 2 times) and service basis requirement.

Please reach out to the brand for these benefits."
"CARRIER 2026 Model 1.5 Ton 3 Star Window Inverter Turbo mode for Faster Cooling, Energy Saver Mode, Dr...","₹32,490",4.3,"Annual Power Usage: 1210.35 kWhRoom Size: 130 to 180 sq. ft.1 Year Warranty on Product, 10 Year Warranty on Compressor"
MOTOROLA 2026 Model 1 Ton 3 Star Split Inverter with Wi-fi | Free Installation with 3-Year Comprehensi...,"₹28,990",4.2,"Annual Power Usage: 611.13 kWhRoom Size: 80 to 130 sq. ft.3 Year on Product and 10 Years Warranty on Compressor

You additionally get the following benefits free of cost for the first 3 years:
-Gas recharge (maximum 2 times) and service basis requirement.

Please reach out to the brand for these benefits."
Godrej 2026 Model 1 Ton 3 Star Split Inverter with 5-in-1 convertible | AI Powered| Heavy Duty Cooling...,"₹27,549",4,"Annual Power Usage: 607.6 kWhRoom Size: 80 to 130 sq. ft.5 years warranty on Product, 5 Years warranty on PCB, 10 year warranty on Compressor (Applicable on purchase after Sept 2024 and warranty can be availed after registering on brand website within 30 days of purchase or via company ASP installation)"
Whirlpool 2025 Model 1.5 Ton 3 Star Split Inverter AC,"₹30,480",4.1,Annual Power Usage: 974.23 UnitsRoom Size: 130 to 180 sq. ft.
Daikin 2025 Model 1.5 Ton 3 Star Split Inverter AC,"₹32,990",4.2,Annual Power Usage: 966.47 kWhRoom Size: 130 to 180 sq. ft.5 YearsWarranty on Product and 5 Years Warranty on PCB and 10 Years Warranty on Compressor 1st July 2026 to 31st July 2026.
Godrej 2026 Model 2 Ton 3 Star Split Inverter with 5-in-1 convertible | AI Powered| Heavy Duty Cooling...,"₹36,490",3.9,"Annual Power Usage: 1076.57 kWhRoom Size: 180 to 230 sq. ft.5 years warranty on Product, 5 Years warranty on PCB, 10 year warranty on Compressor (Applicable on purchase after Sept 2024 and warranty can be availed after registering on brand website within 30 days of purchase or via company ASP installation)"
Godrej 2026 Model 1.5 Ton 4 Star Split Inverter with 5-in-1 convertible | AI Powered| Heavy Duty Cooli...,"₹33,990",4,"Annual Power Usage: 728.31 kWhRoom Size: 130 to 180 sq. ft.5 years warranty on Product, 5 Years warranty on PCB, 10 year warranty on Compressor (Applicable on purchase after Sept 2024 and warranty can be availed after registering on brand website within 30 days of purchase or via company ASP installation)"
Whirlpool 2026 Model 1.5 Ton 3 Star Split Inverter AC,"₹30,317",4.1,"Annual Power Usage: 858.22 kWhRoom Size: 130 to 180 sq. ft.1 Year Comprehensive Warranty, 10 Years Compressor Warranty, 5 Years PCB Warranty"
"CARRIER 2025 Model 1.5 Ton 5 Star Split Inverter with Wi-fi Smart Flexicool 6 in 1 Convertible, Smart ...","₹35,790",4.2,"Annual Power Usage: 754.05 UnitsRoom Size: 130 to 180 sq. ft.1 Year Comprehensive Warranty  on Product, 5 Years Warranty on PCB, 10 Years Warranty on Compressor"
Godrej 2023 Model 1.5 Ton 5 Star Split Inverter AC,"₹38,300",4,Annual Power Usage: 765.86 UnitsRoom Size: 130 to 180 sq. ft.1 Year Warranty on Product and 10 Years Warranty on Compressor
Voltas 2025 Model 1.5 Ton 3 Star Split Inverter AC,"₹30,590",4.1,"Annual Power Usage: 975.26 kWhRoom Size: 130 to 180 sq. ft.5 years warranty from the date of installation, (Inverter or Fixed Speed SACs) of Tonnage up to 2.2 Tr (Offer valid till 31st May 2026). It is applicable only for residential usage and does not apply to commercial or National Accounts customers, 5 Years warranty on PCB, 10 Years on Inverter Compressor"
Godrej 2026 Model 1 Ton 5 Star Split Inverter with 5-in-1 convertible | AI Powered| Heavy Duty Cooling...,"₹33,990",4,"Annual Power Usage: 468.65 kWhRoom Size: 80 to 130 sq. ft.5 years warranty on Product, 5 Years warranty on PCB, 10 year warranty on Compressor (Applicable on purchase after Sept 2024 and warranty can be availed after registering on brand website within 30 days of purchase or via company ASP installation)"
"LG 2026 Model 1.42 Ton 5 Star Split Smart Inverter Faster Cooling and Energy Saving, AI Convertible 6-...","₹47,490",,"Annual Power Usage: 1180 WRoom Size: 130 to 180 sq. ft.Manufacturer Warranty: 1 Year Comprehensive on Product, 5 Year on PCB and Motor & 10 Year on Compressor (*Free Gas charging during comprehensive period only | T&C Apply) | To claim, present your original Proof of Purchase (invoice), model and serial number of the Product while requesting service. Visit https://www.lg.com/in/support for details Call on our customer care number 8069379999, WhatsApp : 9711709999 | E-mail: serviceindia@lge.com"
MITSUBISHI HEAVY INDUSTRIES 2025 Model 1.65 Ton 5 Star Split Hyper Inverter Hyper Inverter AC AC,"₹71,990",3.5,"Annual Power Usage: 791.12 kWhRoom Size: 130 to 180 sq. ft.1 Year Warranty on Product ,5 year warranty on PCB and 10 Years Warranty on Compressor"
"Midea 2026 Model 1.5 Ton 3 Star Split Inverter Convertible 6-in-1 with Auto Intelligence,Turbo Mode fo...","₹28,990",4.3,"Annual Power Usage: 854.39 kWhRoom Size: 130 to 180 sq. ft.5 Year Comprehensive Warranty On Product,10 Year Warranty On Compressor"
MOTOROLA 2026 Model 1.5 Ton 3 Star Split Inverter with Wi-fi | Free Installation with 3-Year Comprehen...,"₹31,990",4.2,"Annual Power Usage: 858.22 kWhRoom Size: 130 to 180 sq. ft.3 Year on Product and 10 Years Warranty on Compressor

You additionally get the following benefits free of cost for the first 3 years:
-Gas recharge (maximum 2 times) and service basis requirement.

Please reach out to the brand for these benefits."
MOTOROLA 2026 Model 1 Ton 3 Star Split Inverter with Wi-fi | Free Installation with 3-Year Comprehensi...,"₹28,990",4.2,"Annual Power Usage: 611.13 kWhRoom Size: 80 to 130 sq. ft.3 Year on Product and 10 Years Warranty on Compressor

You additionally get the following benefits free of cost for the first 3 years:
-Gas recharge (maximum 2 times) and service basis requirement.

Please reach out to the brand for these benefits."
Voltas 2026 Model 1.5 Ton 3 Star Split Inverter AC,"₹34,490",4.1,Annual Power Usage: 918.84 UnitsRoom Size: 130 to 180 sq. ft.5 Year Warranty
"Panasonic 2026 Model 1.5 Ton 4 Star Split Inverter with Wi-fi Smart, DustBuster Tech, Matter Enabled, ...","₹43,990",4.1,"Annual Power Usage: 759.55 kWhRoom Size: 130 to 180 sq. ft.1 Year Comprehensive on Product,
10 Years on Compressor,
5 Years on PCB"
CARRIER 2026 Model 2 Ton 5 Star Split AI Inverter with Wi-fi Convertible 6-in-1 with Geo-Fencing & Voi...,"₹59,490",4.2,"Annual Power Usage: 920.55 kWhRoom Size: 180 to 230 sq. ft.1 Year Warranty on Product, 5 Years on PCB and 10 Years on the Compressor"
"LG 2026 Model 2 tons 3 Star Split Dual Inverter Faster Cooling and Energy Saving, AI Convertible 6-in-...","₹54,688",4.1,"Annual Power Usage: 1102.04 kWhRoom Size: 180 to 230 sq. ft.1 Year Comprehensive warranty on Product, 5 Year warranty on PCB & Motor and 10 Year warranty on Compressor"
MOTOROLA 2026 Model 1.5 Ton 5 Star Split Inverter with Wi-fi | Free Installation with 3-Year Comprehen...,"₹36,990",4.2,"Annual Power Usage: 656.35 kWhRoom Size: 130 to 180 sq. ft.3 Year on Product and 10 Years Warranty on Compressor

You additionally get the following benefits free of cost for the first 3 years:
-Gas recharge (maximum 2 times) and service basis requirement.

Please reach out to the brand for these benefits."
MOTOROLA 2026 Model 2 Ton 3 Star Split Inverter with Wi-fi | Free Installation with 3-Year Comprehensi...,"₹38,990",4.2,"Annual Power Usage: 1098.15 kWhRoom Size: 180 to 230 sq. ft.3 Year on Product and 10 Years Warranty on Compressor

You additionally get the following benefits free of cost for the first 3 years:
-Gas recharge (maximum 2 times) and service basis requirement.

Please reach out to the brand for these benefits."
Godrej 2025 Model 1 Ton 3 Star Split Inverter with Wi-fi With 4 Way Air Swing and Pure Air Filter AC,"₹24,790",4,"Annual Power Usage: 1054 UnitsRoom Size: 80 to 130 sq. ft.5 Years Warranty on Whole Product (Valid on sales post 1 Sep 2024, warranty can be availed after registering on Brand website within 7 days of purchase) and 10 Years Warranty on Compressor"
Voltas 2022 Model 1 Ton 3 Star Split Fixed Speed AC,"₹29,490",4.1,Annual Power Usage: 700.57 UnitsRoom Size: 80 to 130 sq. ft.1 Year Warranty on Product and 5 Years Warranty on Compressor
Godrej 2026 Model 1 Ton 3 Star Split Inverter with 5-in-1 convertible | AI Powered| Heavy Duty Cooling...,"₹27,549",4,"Annual Power Usage: 607.6 kWhRoom Size: 80 to 130 sq. ft.5 years warranty on Product, 5 Years warranty on PCB, 10 year warranty on Compressor (Applicable on purchase after Sept 2024 and warranty can be availed after registering on brand website within 30 days of purchase or via company ASP installation)"
Godrej 2026 Model 1.5 Ton 5 Star Split Inverter with 5-in-1 convertible | AI Powered| Heavy Duty Cooli...,"₹36,990",4,"Annual Power Usage: 657.81 kWhRoom Size: 130 to 180 sq. ft.5 years warranty on Product, 5 Years warranty on PCB, 10 year warranty on Compressor (Applicable on purchase after Sept 2024 and warranty can be availed after registering on brand website within 30 days of purchase or via company ASP installation)"
Daikin 2025 Model 1.5 Ton 3 Star Split Inverter AC,"₹37,900",4.2,Annual Power Usage: 966.47 UnitsRoom Size: 130 to 180 sq. ft.1 Year Warranty on Product and  5 Years Warranty on PCB and 10 Years Warranty on Compressor
Haier 2026 Model 2 Ton 3 Star Split Twin Inverter AC,"₹45,490",3.7,Annual Power Usage: 1120.86 kWhRoom Size: 180 to 230 sq. ft.5 years on the product and 12 years on the compressor (1-year warranty card in the box + 4-year promotional warranty auto activated post-installation).
Lloyd 2026 Model 1 Ton 5 Star Split Inverter AC,"₹36,490",4,"Annual Power Usage: 471.53 kWhRoom Size: 80 to 130 sq. ft.1 Year Comprehensive Warranty on AC, 5 Year Warranty on Component and 10 Years Warranty on Compressor"
Voltas 2025 Model 1.5 Ton 3 Star Split Inverter AC,"₹33,991",4.1,Annual Power Usage: 918.84 UnitsRoom Size: 130 to 180 sq. ft.5 Year Comprehensive Warranty
Godrej 2026 Model 2 Ton 3 Star Split Inverter with 5-in-1 convertible | AI Powered| Heavy Duty Cooling...,"₹36,490",3.9,"Annual Power Usage: 1076.57 kWhRoom Size: 180 to 230 sq. ft.5 years warranty on Product, 5 Years warranty on PCB, 10 year warranty on Compressor (Applicable on purchase after Sept 2024 and warranty can be availed after registering on brand website within 30 days of purchase or via company ASP installation)"
Godrej 2026 Model 1.5 Ton 4 Star Split Inverter with 5-in-1 convertible | AI Powered| Heavy Duty Cooli...,"₹33,990",4,"Annual Power Usage: 728.31 kWhRoom Size: 130 to 180 sq. ft.5 years warranty on Product, 5 Years warranty on PCB, 10 year warranty on Compressor (Applicable on purchase after Sept 2024 and warranty can be availed after registering on brand website within 30 days of purchase or via company ASP installation)"
Godrej 2025 Model 2 Ton 3 Star Split Inverter AC,"₹44,500",3.9,"Annual Power Usage: 1181.02 kWhRoom Size: 180 to 230 sq. ft.1 year warranty on product, 5 year PCB, 10 year compressor"
"Blue Star Iconia 2026 Model 1.5 Ton 3 Star Split Inverter with Wi-fi 5-In-1 Convertible, AI Pro+ Techn...","₹39,990",4.1,"Annual Power Usage: 918.45 kWhRoom Size: 130 to 180 sq. ft.1-Year Product Warranty, 10-Year Compressor Warranty and 5-Year PCB Warranty."
Godrej 2026 Model 1 Ton 5 Star Split Inverter with 5-in-1 convertible | AI Powered| Heavy Duty Cooling...,"₹33,990",4,"Annual Power Usage: 468.65 kWhRoom Size: 80 to 130 sq. ft.5 years warranty on Product, 5 Years warranty on PCB, 10 year warranty on Compressor (Applicable on purchase after Sept 2024 and warranty can be availed after registering on brand website within 30 days of purchase or via company ASP installation)"
"LG 2026 Model 1.42 Ton 5 Star Split Smart Inverter Faster Cooling and Energy Saving, AI Convertible 6-...","₹47,490",,"Annual Power Usage: 1180 WRoom Size: 130 to 180 sq. ft.Manufacturer Warranty: 1 Year Comprehensive on Product, 5 Year on PCB and Motor & 10 Year on Compressor (*Free Gas charging during comprehensive period only | T&C Apply) | To claim, present your original Proof of Purchase (invoice), model and serial number of the Product while requesting service. Visit https://www.lg.com/in/support for details Call on our customer care number 8069379999, WhatsApp : 9711709999 | E-mail: serviceindia@lge.com"
Voltas 2026 Model 1.5 Ton 5 Star Split Inverter AC,"₹44,999",4.2,"Annual Power Usage: 698 UnitsRoom Size: 130 to 180 sq. ft.1 Year Warranty On Product,10 Years Warranty On Compressor"
Voltas 2026 Model 1 Ton 3 Star Split Inverter AC,"₹29,990",4.1,"Annual Power Usage: 599.28 kWhRoom Size: 80 to 130 sq. ft.Voltas  5 Year warranty from the date of installation, (Inverter or Fixed Speed SACs) of Tonnage up to 2.2 Tr (Offer valid only from 1st January 2026 to 31st December 2027)."
Whirlpool 2026 Model 2 Ton 3 Star Split Inverter AC,"₹40,490",4,"Annual Power Usage: 1079.61 kWhRoom Size: 180 to 230 sq. ft.1 year warranty on product, 5 years  warranty on compressor"
"Panasonic 2026 Model 1 Ton 5 Star Split Inverter with Wi-fi Smart, DustBuster Tech, Matter Enabled, AI...","₹42,990",4.2,"Annual Power Usage: 460.65 kWhRoom Size: 80 to 130 sq. ft.1 Year Comprehensive on Product,
10 Years on Compressor,
5 Years on PCB,"
MOTOROLA 2026 Model 1.5 Ton 3 Star Split Inverter with Wi-fi | Free Installation with 3-Year Comprehen...,"₹31,990",4.2,"Annual Power Usage: 858.22 kWhRoom Size: 130 to 180 sq. ft.3 Year on Product and 10 Years Warranty on Compressor

You additionally get the following benefits free of cost for the first 3 years:
-Gas recharge (maximum 2 times) and service basis requirement.

Please reach out to the brand for these benefits."
MOTOROLA 2026 Model 2 Ton 3 Star Split Inverter with Wi-fi | Free Installation with 3-Year Comprehensi...,"₹38,990",4.2,"Annual Power Usage: 1098.15 kWhRoom Size: 180 to 230 sq. ft.3 Year on Product and 10 Years Warranty on Compressor

You additionally get the following benefits free of cost for the first 3 years:
-Gas recharge (maximum 2 times) and service basis requirement.

Please reach out to the brand for these benefits."
"Panasonic 2026 Model 1 Ton 3 Star Split Inverter with Wi-fi Smart, DustBuster Tech, Matter Enabled, AI...","₹35,990",4.2,"Annual Power Usage: 593.89 kWhRoom Size: 80 to 130 sq. ft.1 Year Comprehensive on Product,
10 Years on Compressor,
5 Years on PCB"
Blue Star 2026 Model 2 Ton 3 Star Split Inverter AC,"₹48,991",4,"Annual Power Usage: 1114.14 kWhRoom Size: 180 to 230 sq. ft.1 Year Warranty on the Product is Limited to Manufacturing Defects Only,5 Years warranty on PCB and 10 Years warranty on Compressor"
MOTOROLA 2026 Model 1.5 Ton 5 Star Split Inverter with Wi-fi | Free Installation with 3-Year Comprehen...,"₹36,990",4.2,"Annual Power Usage: 656.35 kWhRoom Size: 130 to 180 sq. ft.3 Year on Product and 10 Years Warranty on Compressor

You additionally get the following benefits free of cost for the first 3 years:
-Gas recharge (maximum 2 times) and service basis requirement.

Please reach out to the brand for these benefits."
Godrej 2026 Model 1.5 Ton 5 Star Split Inverter with 5-in-1 convertible | AI Powered| Heavy Duty Cooli...,"₹36,990",4,"Annual Power Usage: 657.81 kWhRoom Size: 130 to 180 sq. ft.5 years warranty on Product, 5 Years warranty on PCB, 10 year warranty on Compressor (Applicable on purchase after Sept 2024 and warranty can be availed after registering on brand website within 30 days of purchase or via company ASP installation)"
Hitachi 2026 Model 1.6 Ton 3 Star Split Inverter with Wi-fi AC,"₹40,000",4.3,Room Size: 130 to 180 sq. ft.
Daikin 2025 Model 1 Ton 5 Star Split Inverter AC,"₹39,990",4.2,Annual Power Usage: 523.54 kWhRoom Size: 80 to 130 sq. ft.5 YearsWarranty on Product and 5 Years Warranty on PCB and 10 Years Warranty on Compressor 1st July 2026 to 31st July 2026.
Samsung 2025 Model 2 Ton 3 Star Split Inverter with Wi-fi Easy Filter Plus (Anti-Bacteria) AC,"₹37,490",4,Annual Power Usage: 2000 UnitsRoom Size: 180 to 230 sq. ft.5 years comprehensive warranty on product and 10 years on compressor
Lloyd 2025 Model 1.5 Ton 5 Star Window Inverter with Wi-fi AC,"₹36,790",4,"Annual Power Usage: 1071.29 WRoom Size: 130 to 180 sq. ft.1 Year Warranty on Product, 5 Year Warranty on Component & 10 Year Warranty on Compressor."
Godrej 2026 Model 2 Ton 3 Star Split Inverter with 5-in-1 convertible | AI Powered| Heavy Duty Cooling...,"₹36,490",3.9,"Annual Power Usage: 1076.57 kWhRoom Size: 180 to 230 sq. ft.5 years warranty on Product, 5 Years warranty on PCB, 10 year warranty on Compressor (Applicable on purchase after Sept 2024 and warranty can be availed after registering on brand website within 30 days of purchase or via company ASP installation)"
Godrej 2026 Model 1.5 Ton 4 Star Split Inverter with 5-in-1 convertible | AI Powered| Heavy Duty Cooli...,"₹33,990",4,"Annual Power Usage: 728.31 kWhRoom Size: 130 to 180 sq. ft.5 years warranty on Product, 5 Years warranty on PCB, 10 year warranty on Compressor (Applicable on purchase after Sept 2024 and warranty can be availed after registering on brand website within 30 days of purchase or via company ASP installation)"
Godrej 2025 Model 2 Ton 5 Star Split Inverter with 4-way Air Swing AC AC,"₹48,999",3.9,"Annual Power Usage: 916.68 UnitsRoom Size: 180 to 230 sq. ft.5 Years Warranty on Whole Product (Valid on sales post 1 Sep 2024, warranty can be availed after registering on Brand website within 7 days of purchase) and 10 Years Warranty on Compressor"
Godrej 2026 Model 1.5 Ton 5 Star Split Inverter AC,"₹36,790",4,Annual Power Usage: 657.81 UnitsRoom Size: 130 to 180 sq. ft.5 Years Manufacturer Warranty
"LG 2026 Model 1.42 Ton 5 Star Split Smart Inverter Faster Cooling and Energy Saving, AI Convertible 6-...","₹47,490",,"Annual Power Usage: 1180 WRoom Size: 130 to 180 sq. ft.Manufacturer Warranty: 1 Year Comprehensive on Product, 5 Year on PCB and Motor & 10 Year on Compressor (*Free Gas charging during comprehensive period only | T&C Apply) | To claim, present your original Proof of Purchase (invoice), model and serial number of the Product while requesting service. Visit https://www.lg.com/in/support for details Call on our customer care number 8069379999, WhatsApp : 9711709999 | E-mail: serviceindia@lge.com"
Godrej 2026 Model 1 Ton 5 Star Split Inverter with 5-in-1 convertible | AI Powered| Heavy Duty Cooling...,"₹33,990",4,"Annual Power Usage: 468.65 kWhRoom Size: 80 to 130 sq. ft.5 years warranty on Product, 5 Years warranty on PCB, 10 year warranty on Compressor (Applicable on purchase after Sept 2024 and warranty can be availed after registering on brand website within 30 days of purchase or via company ASP installation)"
Blue Star 2025 Model 1 Ton 3 Star Split Inverter AC,"₹34,500",4.1,"Annual Power Usage: 706.99 UnitsRoom Size: 80 to 130 sq. ft.1-Year Product Warranty, 10-Year Compressor Warranty and 5-Year PCB Warranty."
Blue Star 2026 Model 1.5 Ton 2 Star Split Fixed Speed AC,"₹39,191",4.1,"Annual Power Usage: 1072.14 kWhRoom Size: 130 to 180 sq. ft.1-Year Product Warranty, 10-Year Compressor Warranty and 5-Year PCB Warranty."
Blue Star 2026 Model 2 Ton 3 Star Split Inverter AC,"₹52,000",4,"Annual Power Usage: 1131.55 kWhRoom Size: 180 to 230 sq. ft.1-Year Product Warranty, 10-Year Compressor Warranty and 5-Year PCB Warranty."
CARRIER 2026 Model 1.5 Ton 3 Star Window Inverter AC,"₹33,990",4.3,"Annual Power Usage: 1050.47 kWhRoom Size: 130 to 180 sq. ft.1 Year Warranty on Product, 10 Year Warranty on Compressor"
MOTOROLA 2026 Model 1.5 Ton 3 Star Split Inverter with Wi-fi | Free Installation with 3-Year Comprehen...,"₹31,990",4.2,"Annual Power Usage: 858.22 kWhRoom Size: 130 to 180 sq. ft.3 Year on Product and 10 Years Warranty on Compressor

You additionally get the following benefits free of cost for the first 3 years:
-Gas recharge (maximum 2 times) and service basis requirement.

Please reach out to the brand for these benefits."
MOTOROLA 2026 Model 2 Ton 3 Star Split Inverter with Wi-fi | Free Installation with 3-Year Comprehensi...,"₹38,990",4.2,"Annual Power Usage: 1098.15 kWhRoom Size: 180 to 230 sq. ft.3 Year on Product and 10 Years Warranty on Compressor

You additionally get the following benefits free of cost for the first 3 years:
-Gas recharge (maximum 2 times) and service basis requirement.

Please reach out to the brand for these benefits."
LG 2026 Model 1.5 Ton 5 Star Window Dual Inverter AC,"₹43,990",4.2,Room Size: 130 to 180 sq. ft.
Lloyd 2022 Model 1 Ton 2 Star Window Fixed Speed AC,"₹25,580",3.9,Annual Power Usage: 808.94 UnitsRoom Size: 80 to 130 sq. ft.1 Year Comprehensive Warranty on Product and 5 Years Warranty on Compressor
MOTOROLA 2026 Model 1.5 Ton 5 Star Split Inverter with Wi-fi | Free Installation with 3-Year Comprehen...,"₹36,990",4.2,"Annual Power Usage: 656.35 kWhRoom Size: 130 to 180 sq. ft.3 Year on Product and 10 Years Warranty on Compressor

You additionally get the following benefits free of cost for the first 3 years:
-Gas recharge (maximum 2 times) and service basis requirement.

Please reach out to the brand for these benefits."
Godrej 2026 Model 1.5 Ton 5 Star Split Inverter with 5-in-1 convertible | AI Powered| Heavy Duty Cooli...,"₹36,990",4,"Annual Power Usage: 657.81 kWhRoom Size: 130 to 180 sq. ft.5 years warranty on Product, 5 Years warranty on PCB, 10 year warranty on Compressor (Applicable on purchase after Sept 2024 and warranty can be availed after registering on brand website within 30 days of purchase or via company ASP installation)"
"Panasonic 2026 Model 2 Ton 3 Star Split Inverter with Wi-fi Smart, DustBuster Tech, Matter Enabled, AI...","₹53,990",4.2,"Annual Power Usage: 1153.74 kWhRoom Size: 180 to 230 sq. ft.1 Year Comprehensive on Product,
10 Years on Compressor,
5 Years on PCB, 
5 Years on ODU Casing"
Godrej 2026 Model 1.5 Ton 5 Star Window Inverter AC,"₹35,500",4,"Annual Power Usage: 1052.32 kWhRoom Size: 130 to 180 sq. ft.10 years warranty on compressor, 5 year warranty on whole product. Warranty can be availed after registering on Brand website within 7 days of purchase."
LG 2026 Model 1.5 Ton 3 Star Window Dual Inverter Convertible 4-in-1 Cooling with Faster Cooling and E...,"₹36,490",4.1,Annual Power Usage: 1070.79 UnitsRoom Size: 130 to 180 sq. ft.1 Year Comprehensive on Product
Voltas 2026 Model 1.5 Ton 5 Star Window Inverter AC,"₹36,781",4.3,Room Size: 130 to 180 sq. ft.
MOTOROLA 2026 Model 1 Ton 3 Star Split Inverter with Wi-fi | Free Installation with 3-Year Comprehensi...,"₹28,990",4.2,"Annual Power Usage: 611.13 kWhRoom Size: 80 to 130 sq. ft.3 Year on Product and 10 Years Warranty on Compressor

You additionally get the following benefits free of cost for the first 3 years:
-Gas recharge (maximum 2 times) and service basis requirement.

Please reach out to the brand for these benefits."
Godrej 2026 Model 1 Ton 3 Star Split Inverter with 5-in-1 convertible | AI Powered| Heavy Duty Cooling...,"₹27,549",4,"Annual Power Usage: 607.6 kWhRoom Size: 80 to 130 sq. ft.5 years warranty on Product, 5 Years warranty on PCB, 10 year warranty on Compressor (Applicable on purchase after Sept 2024 and warranty can be availed after registering on brand website within 30 days of purchase or via company ASP installation)"
Blue Star 2024 Model 1.5 Ton 5 Star Split Inverter with Wi-fi AC,"₹45,551",4.1,"Annual Power Usage: 770.98 UnitsRoom Size: 130 to 180 sq. ft.1 Year Warranty on Product, 10 Years Warranty on Compressor and 5 Years Warranty on PCB (Excluding Remote Handset)"
"LG 2026 Model 1 Ton 5 Star Split Smart Inverter Faster Cooling and Energy Saving, AI Convertible 6-in-...","₹42,690",4.2,"Annual Power Usage: 469.72 kWhRoom Size: 80 to 130 sq. ft.Manufacturer Warranty: 1 Year Comprehensive on Product, 5 Year on PCB and Motor & 10 Year on Compressor (Free Gas charging during comprehensive period only)."
Godrej 2026 Model 2 Ton 3 Star Split Inverter with 5-in-1 convertible | AI Powered| Heavy Duty Cooling...,"₹36,490",3.9,"Annual Power Usage: 1076.57 kWhRoom Size: 180 to 230 sq. ft.5 years warranty on Product, 5 Years warranty on PCB, 10 year warranty on Compressor (Applicable on purchase after Sept 2024 and warranty can be availed after registering on brand website within 30 days of purchase or via company ASP installation)"
Godrej 2026 Model 1.5 Ton 4 Star Split Inverter with 5-in-1 convertible | AI Powered| Heavy Duty Cooli...,"₹33,990",4,"Annual Power Usage: 728.31 kWhRoom Size: 130 to 180 sq. ft.5 years warranty on Product, 5 Years warranty on PCB, 10 year warranty on Compressor (Applicable on purchase after Sept 2024 and warranty can be availed after registering on brand website within 30 days of purchase or via company ASP installation)"
Haier 2026 Model 1.5 Ton 3 Star Split HEXA Inverter with Wi-fi AC,"₹35,990",4,Annual Power Usage: 890.57 kWhRoom Size: 130 to 180 sq. ft.5 years on the product and 12 years on the compressor (1-year warranty card in the box + 4-year promotional warranty auto activated post-installation).
Blue Star 2025 Model 1.5 Ton 5 Star Window Inverter AC,"₹36,343",4.2,Annual Power Usage: 1089.35 kWhRoom Size: 130 to 180 sq. ft.Warranty of the Product is Limited to Manufacturing Defects Only
Voltas 2026 Model 1.5 Ton 3 Star Split Inverter AC,"₹35,990",4.1,Annual Power Usage: 918.84 kWhRoom Size: 130 to 180 sq. ft.
"Panasonic 2026 Model 1 Ton 4 Star Split Inverter with Wi-fi Smart, DustBuster Tech, Matter Enabled, AI...","₹38,990",4.2,"Annual Power Usage: 514 kWhRoom Size: 80 to 130 sq. ft.1 Year Comprehensive on Product,
10 Years on Compressor,
5 Years on PCB"
Godrej 2026 Model 1 Ton 5 Star Split Inverter with 5-in-1 convertible | AI Powered| Heavy Duty Cooling...,"₹33,990",4,"Annual Power Usage: 468.65 kWhRoom Size: 80 to 130 sq. ft.5 years warranty on Product, 5 Years warranty on PCB, 10 year warranty on Compressor (Applicable on purchase after Sept 2024 and warranty can be availed after registering on brand website within 30 days of purchase or via company ASP installation)"
"LG 2026 Model 1.42 Ton 5 Star Split Smart Inverter Faster Cooling and Energy Saving, AI Convertible 6-...","₹47,490",,"Annual Power Usage: 1180 WRoom Size: 130 to 180 sq. ft.Manufacturer Warranty: 1 Year Comprehensive on Product, 5 Year on PCB and Motor & 10 Year on Compressor (*Free Gas charging during comprehensive period only | T&C Apply) | To claim, present your original Proof of Purchase (invoice), model and serial number of the Product while requesting service. Visit https://www.lg.com/in/support for details Call on our customer care number 8069379999, WhatsApp : 9711709999 | E-mail: serviceindia@lge.com"
Blue Star 2022 Model 1.5 Ton 5 Star Split Inverter AC,"₹64,270",4.1,Annual Power Usage: 754.85 UnitsRoom Size: 130 to 180 sq. ft.1 Year on Product and 10 Years Warranty on Compressor
O-General 2023 Model 1.5 Ton 3 Star Window Fixed Speed AC,"₹43,900",3.6,Annual Power Usage: 1315.98 kWhRoom Size: 130 to 180 sq. ft.1 Year Comprehensive Warranty on Product and 5 Years Warranty on Compressor
MOTOROLA 2026 Model 1.5 Ton 3 Star Split Inverter with Wi-fi | Free Installation with 3-Year Comprehen...,"₹31,990",4.2,"Annual Power Usage: 858.22 kWhRoom Size: 130 to 180 sq. ft.3 Year on Product and 10 Years Warranty on Compressor

You additionally get the following benefits free of cost for the first 3 years:
-Gas recharge (maximum 2 times) and service basis requirement.

Please reach out to the brand for these benefits."
MOTOROLA 2026 Model 2 Ton 3 Star Split Inverter with Wi-fi | Free Installation with 3-Year Comprehensi...,"₹38,990",4.2,"Annual Power Usage: 1098.15 kWhRoom Size: 180 to 230 sq. ft.3 Year on Product and 10 Years Warranty on Compressor

You additionally get the following benefits free of cost for the first 3 years:
-Gas recharge (maximum 2 times) and service basis requirement.

Please reach out to the brand for these benefits."
Blue Star 2023 Model 1.5 Ton 3 Star Split Inverter AC,"₹37,858",4.1,"Annual Power Usage: 1026.46 UnitsRoom Size: 130 to 180 sq. ft.1 Year Warranty on Product, 10 Years Warranty on Inverter Compressor and 5 Years Warranty on PCB"
Blue Star 2023 Model 1 Ton 4 Star Split Inverter AC,"₹28,625",4.1,"Annual Power Usage: 565.65 UnitsRoom Size: 80 to 130 sq. ft.1 Year Warranty on Product, 5 Years Warranty on PCB and 10 Years Warranty on Inverter Compressor"
Voltas 2026 Model 1.5 Ton 5 Star Split Inverter AC,"₹44,999",4.2,"Annual Power Usage: 698 UnitsRoom Size: 130 to 180 sq. ft.1 Year Warranty On Product,10 Years Warranty On Compressor"
Lloyd Stellar Grace 2025 Model 1.5 Ton 5 Star Split Inverter with Wi-fi 6 in 1 Expandable Stellar Grac...,"₹44,890",4.1,"Annual Power Usage: 774.22 WRoom Size: 130 to 180 sq. ft.1 Year Warranty on Product, 5 Year Warranty on Component & 10 Year Warranty on Compressor."
MOTOROLA 2026 Model 1.5 Ton 5 Star Split Inverter with Wi-fi | Free Installation with 3-Year Comprehen...,"₹36,990",4.2,"Annual Power Usage: 656.35 kWhRoom Size: 130 to 180 sq. ft.3 Year on Product and 10 Years Warranty on Compressor

You additionally get the following benefits free of cost for the first 3 years:
-Gas recharge (maximum 2 times) and service basis requirement.

Please reach out to the brand for these benefits."
MOTOROLA 2026 Model 1 Ton 3 Star Split Inverter with Wi-fi | Free Installation with 3-Year Comprehensi...,"₹28,990",4.2,"Annual Power Usage: 611.13 kWhRoom Size: 80 to 130 sq. ft.3 Year on Product and 10 Years Warranty on Compressor

You additionally get the following benefits free of cost for the first 3 years:
-Gas recharge (maximum 2 times) and service basis requirement.

Please reach out to the brand for these benefits."
Voltas 2026 Model 1.5 Ton 3 Star Split Inverter AC,"₹36,499",4.1,Room Size: 130 to 180 sq. ft.
"Haier 2025 Model 1.5 Ton 3 Star Split Inverter Intelli-Convertible 7 in1 ConvertibleHD Filter, Frost S...","₹35,600",4,Annual Power Usage: 941.42 UnitsRoom Size: 130 to 180 sq. ft.Manufacturer Warranty: 5 years on the product and 12 years on the compressor (1-year warranty card in the box + 4-year promotional warranty post-installation). Installation by Haier/authorized centers & 2 maintenance services (paid) yearly is mandatory. T&C apply; excludes gas/plastic parts
Godrej 2026 Model 1.5 Ton 5 Star Split Inverter with 5-in-1 convertible | AI Powered| Heavy Duty Cooli...,"₹36,990",4,"Annual Power Usage: 657.81 kWhRoom Size: 130 to 180 sq. ft.5 years warranty on Product, 5 Years warranty on PCB, 10 year warranty on Compressor (Applicable on purchase after Sept 2024 and warranty can be availed after registering on brand website within 30 days of purchase or via company ASP installation)"
Godrej 2026 Model 1 Ton 3 Star Split Inverter with 5-in-1 convertible | AI Powered| Heavy Duty Cooling...,"₹27,549",4,"Annual Power Usage: 607.6 kWhRoom Size: 80 to 130 sq. ft.5 years warranty on Product, 5 Years warranty on PCB, 10 year warranty on Compressor (Applicable on purchase after Sept 2024 and warranty can be availed after registering on brand website within 30 days of purchase or via company ASP installation)"
Voltas 2026 Model 1.5 Ton 3 Star Split Inverter AC,"₹33,599",4.1,Room Size: 130 to 180 sq. ft.
"Panasonic 2026 Model 1.5 Ton 3 Star Hot and Cold Split Inverter Crystal Clean, Higher Airflow, 2-Way S...","₹42,990",4.1,"Annual Power Usage: 859.27 kWhRoom Size: 130 to 180 sq. ft.1 Year Comprehensive on Product,
10 Years on Compressor,
5 Years on PCB, 
5 Years on ODU Casing"
Whirlpool 2025 Model 1.5 Ton 5 Star Split Inverter AC,"₹32,290",4.2,"Annual Power Usage: 728.95 kWhRoom Size: 130 to 180 sq. ft.1 Year Warranty On Product, 5 Year Warranty On Compressor"
Daikin 2022 Model 1 Ton 3 Star Split Fixed Speed AC,"₹26,251",4.1,Annual Power Usage: 656.44 UnitsRoom Size: 80 to 130 sq. ft.1 Year Warranty on Product and  5 Years Warranty on PCB and 10 Years Warranty on Compressor
Godrej 2026 Model 2 Ton 3 Star Split Inverter with 5-in-1 convertible | AI Powered| Heavy Duty Cooling...,"₹36,490",3.9,"Annual Power Usage: 1076.57 kWhRoom Size: 180 to 230 sq. ft.5 years warranty on Product, 5 Years warranty on PCB, 10 year warranty on Compressor (Applicable on purchase after Sept 2024 and warranty can be availed after registering on brand website within 30 days of purchase or via company ASP installation)"
Godrej 2026 Model 1.5 Ton 4 Star Split Inverter with 5-in-1 convertible | AI Powered| Heavy Duty Cooli...,"₹33,990",4,"Annual Power Usage: 728.31 kWhRoom Size: 130 to 180 sq. ft.5 years warranty on Product, 5 Years warranty on PCB, 10 year warranty on Compressor (Applicable on purchase after Sept 2024 and warranty can be availed after registering on brand website within 30 days of purchase or via company ASP installation)"
Hitachi 2022 Model 1.5 Ton 3 Star Split Fixed Speed AC,"₹36,978",4,Annual Power Usage: 1039.62 UnitsRoom Size: 130 to 180 sq. ft.1 Year Comprehensive Warranty on Product and 5 Years Compressor Warranty
Hitachi 2023 Model 1.5 Ton 3 Star Split Fixed Speed Soft dry Silent Air Ambience Light R 32 AC,"₹33,044",4,Annual Power Usage: 1039.62 UnitsRoom Size: 130 to 180 sq. ft.1 Year Warranty on Product and  5 Years Warranty on Compressor
Godrej 2026 Model 1 Ton 5 Star Split Inverter with 5-in-1 convertible | AI Powered| Heavy Duty Cooling...,"₹33,990",4,"Annual Power Usage: 468.65 kWhRoom Size: 80 to 130 sq. ft.5 years warranty on Product, 5 Years warranty on PCB, 10 year warranty on Compressor (Applicable on purchase after Sept 2024 and warranty can be availed after registering on brand website within 30 days of purchase or via company ASP installation)"
MOTOROLA 2026 Model 1.5 Ton 3 Star Split Inverter with Wi-fi | Free Installation with 3-Year Comprehen...,"₹31,990",4.2,"Annual Power Usage: 858.22 kWhRoom Size: 130 to 180 sq. ft.3 Year on Product and 10 Years Warranty on Compressor

You additionally get the following benefits free of cost for the first 3 years:
-Gas recharge (maximum 2 times) and service basis requirement.

Please reach out to the brand for these benefits."
Godrej 2026 Model 2 Ton 3 Star Split Inverter AC,"₹40,691",3.9,Annual Power Usage: 1076.57 UnitsRoom Size: 180 to 230 sq. ft.5 Years Manufacturer Warranty
Godrej 2025 Model 1 Ton 5 Star Split Inverter 5-In-1-Convertible CoolingI-sense Technology with Blue F...,"₹35,900",4,"Annual Power Usage: 516.37 UnitsRoom Size: 80 to 130 sq. ft.5 Years Warranty on Whole Product (Valid on sales post 1 Sep 2024, warranty can be availed after registering on Brand website within 7 days of purchase) and 10 Years Warranty on Compressor"
Haier 2026 Model 1.6 Ton 5 Star Split HEXA Inverter with Wi-fi AC,"₹46,990",4.2,Annual Power Usage: 701 UnitsRoom Size: 130 to 180 sq. ft.
Voltas 2026 Model 1.5 Ton 2 Star Window Fixed Speed AC,"₹28,590",3.8,Room Size: 130 to 180 sq. ft.
"LG 2026 Model 1.42 Ton 5 Star Split Smart Inverter Faster Cooling and Energy Saving, AI Convertible 6-...","₹47,490",,"Annual Power Usage: 1180 WRoom Size: 130 to 180 sq. ft.Manufacturer Warranty: 1 Year Comprehensive on Product, 5 Year on PCB and Motor & 10 Year on Compressor (*Free Gas charging during comprehensive period only | T&C Apply) | To claim, present your original Proof of Purchase (invoice), model and serial number of the Product while requesting service. Visit https://www.lg.com/in/support for details Call on our customer care number 8069379999, WhatsApp : 9711709999 | E-mail: serviceindia@lge.com"
MOTOROLA 2026 Model 1 Ton 3 Star Split Inverter with Wi-fi | Free Installation with 3-Year Comprehensi...,"₹28,990",4.2,"Annual Power Usage: 611.13 kWhRoom Size: 80 to 130 sq. ft.3 Year on Product and 10 Years Warranty on Compressor

You additionally get the following benefits free of cost for the first 3 years:
-Gas recharge (maximum 2 times) and service basis requirement.

Please reach out to the brand for these benefits."
Hitachi 2023 Model 1 Ton 3 Star Split Fixed Speed Soft dry Silent Air Ambience Light R 32 AC,"₹32,490",3.9,Annual Power Usage: 706.76 UnitsRoom Size: 80 to 130 sq. ft.1 Year Warranty on Product and  5 Years Warranty on Compressor
"Godrej 2025 Model 1.5 Ton 3 Star Split Inverter AI Powered, 5-In-1 Convertible, Heavy Duty Cooling At ...","₹36,990",4,"Annual Power Usage: 983.99 kWhRoom Size: 130 to 180 sq. ft.5 Years Warranty on Whole Product (Valid on sales post 1 Sep 2024, warranty can be availed after registering on Brand website within 7 days of purchase) and 10 Years Warranty on Compressor"
MOTOROLA 2026 Model 1.5 Ton 5 Star Split Inverter with Wi-fi | Free Installation with 3-Year Comprehen...,"₹36,990",4.2,"Annual Power Usage: 656.35 kWhRoom Size: 130 to 180 sq. ft.3 Year on Product and 10 Years Warranty on Compressor

You additionally get the following benefits free of cost for the first 3 years:
-Gas recharge (maximum 2 times) and service basis requirement.

Please reach out to the brand for these benefits."
MOTOROLA 2026 Model 2 Ton 3 Star Split Inverter with Wi-fi | Free Installation with 3-Year Comprehensi...,"₹38,990",4.2,"Annual Power Usage: 1098.15 kWhRoom Size: 180 to 230 sq. ft.3 Year on Product and 10 Years Warranty on Compressor

You additionally get the following benefits free of cost for the first 3 years:
-Gas recharge (maximum 2 times) and service basis requirement.

Please reach out to the brand for these benefits."
Godrej 2026 Model 2 Ton 3 Star Split Inverter AC,"₹39,990",3.9,Annual Power Usage: 1076.57 kWhRoom Size: 180 to 230 sq. ft.
Lloyd 2025 Model 1 Ton 3 Star Split Inverter with Wi-fi Anti-Viral AC,"₹34,500",4,"Annual Power Usage: 689.77 UnitsRoom Size: 80 to 130 sq. ft.1 Year Warranty on Product, 5 Year Warranty on Component & 10 Year Warranty on Compressor."
Hitachi 2024 Model 1.5 Ton 3 Star Split Fixed Speed AC,"₹38,580",4,"Annual Power Usage: 1039.62 UnitsRoom Size: 130 to 180 sq. ft.1 Year Product Warrenty, 5 Years comprehensive warranty and 10 Years Warranty on Compressor"
LG 2026 Model 1.5 Ton 3 Star Split Inverter with Wi-fi AC,"₹36,990",4,"Annual Power Usage: 769.55 kWhRoom Size: 130 to 180 sq. ft.1 Year Comprehensive warranty on Product, 5 Year warranty on PCB and Motor & 10 Year warranty on Compressor"
Godrej 2026 Model 1.5 Ton 5 Star Split Inverter with 5-in-1 convertible | AI Powered| Heavy Duty Cooli...,"₹36,990",4,"Annual Power Usage: 657.81 kWhRoom Size: 130 to 180 sq. ft.5 years warranty on Product, 5 Years warranty on PCB, 10 year warranty on Compressor (Applicable on purchase after Sept 2024 and warranty can be availed after registering on brand website within 30 days of purchase or via company ASP installation)"
Godrej 2026 Model 1 Ton 3 Star Split Inverter with 5-in-1 convertible | AI Powered| Heavy Duty Cooling...,"₹27,549",4,"Annual Power Usage: 607.6 kWhRoom Size: 80 to 130 sq. ft.5 years warranty on Product, 5 Years warranty on PCB, 10 year warranty on Compressor (Applicable on purchase after Sept 2024 and warranty can be availed after registering on brand website within 30 days of purchase or via company ASP installation)"
Hitachi 2023 Model 1 Ton 3 Star Split Fixed Speed Soft dry Silent Air Ambience Light R 32 AC,"₹32,490",3.9,Annual Power Usage: 706.76 UnitsRoom Size: 80 to 130 sq. ft.1 Year Warranty on Product and  5 Years Warranty on Compressor
Voltas 2025 Model 0.6 Ton 2 Star Split Fixed Speed AC,"₹19,990",3.8,"Annual Power Usage: 475.3 UnitsRoom Size: Up to 80 sq. ft.5 years warranty from the date of installation, (Inverter or Fixed Speed SACs) of Tonnage up to 2.2 Tr (Offer valid till 31st May 2026). It is applicable only for residential usage and does not apply to commercial or National Accounts customers, 5 Years warranty on PCB, 10 Years on Inverter Compressor"
Godrej 2026 Model 2 Ton 3 Star Split Inverter with 5-in-1 convertible | AI Powered| Heavy Duty Cooling...,"₹36,490",3.9,"Annual Power Usage: 1076.57 kWhRoom Size: 180 to 230 sq. ft.5 years warranty on Product, 5 Years warranty on PCB, 10 year warranty on Compressor (Applicable on purchase after Sept 2024 and warranty can be availed after registering on brand website within 30 days of purchase or via company ASP installation)"
Godrej 2026 Model 1.5 Ton 4 Star Split Inverter with 5-in-1 convertible | AI Powered| Heavy Duty Cooli...,"₹33,990",4,"Annual Power Usage: 728.31 kWhRoom Size: 130 to 180 sq. ft.5 years warranty on Product, 5 Years warranty on PCB, 10 year warranty on Compressor (Applicable on purchase after Sept 2024 and warranty can be availed after registering on brand website within 30 days of purchase or via company ASP installation)"
Godrej 2023 Model 2 Ton 3 Star Split Inverter With Heavy Duty Cooling at Extreme Temperature AC,"₹39,999",3.9,"Annual Power Usage: 1183.2 UnitsRoom Size: 180 to 230 sq. ft.5 Years Warranty on Whole Product (Valid on sales post 1 Sep 2024, warranty can be availed after registering on Brand website within 7 days of purchase) and 10 Years Warranty on Compressor"
Daikin 2026 Model 1 Ton 2 Star Split Fixed Speed AC,"₹30,490",4.2,"Annual Power Usage: 664.96 kWhRoom Size: 80 to 130 sq. ft.1 Year Comprehensive Warranty, 5 Years Warranty On Compressor Warranty"
Hitachi 2022 Model 1.5 Ton 3 Star Split Fixed Speed AC,"₹36,978",4,Annual Power Usage: 1039.62 UnitsRoom Size: 130 to 180 sq. ft.1 Year Comprehensive Warranty on Product and 5 Years Compressor Warranty
Hitachi 2023 Model 1.5 Ton 3 Star Split Fixed Speed Soft dry Silent Air Ambience Light R 32 AC,"₹33,044",4,Annual Power Usage: 1039.62 UnitsRoom Size: 130 to 180 sq. ft.1 Year Warranty on Product and  5 Years Warranty on Compressor
"LG 2026 Model 1.42 Ton 5 Star Split Smart Inverter Faster Cooling and Energy Saving, AI Convertible 6-...","₹47,490",,"Annual Power Usage: 1180 WRoom Size: 130 to 180 sq. ft.Manufacturer Warranty: 1 Year Comprehensive on Product, 5 Year on PCB and Motor & 10 Year on Compressor (*Free Gas charging during comprehensive period only | T&C Apply) | To claim, present your original Proof of Purchase (invoice), model and serial number of the Product while requesting service. Visit https://www.lg.com/in/support for details Call on our customer care number 8069379999, WhatsApp : 9711709999 | E-mail: serviceindia@lge.com"
Godrej 2026 Model 1 Ton 5 Star Split Inverter with 5-in-1 convertible | AI Powered| Heavy Duty Cooling...,"₹33,990",4,"Annual Power Usage: 468.65 kWhRoom Size: 80 to 130 sq. ft.5 years warranty on Product, 5 Years warranty on PCB, 10 year warranty on Compressor (Applicable on purchase after Sept 2024 and warranty can be availed after registering on brand website within 30 days of purchase or via company ASP installation)"
LG 2026 Model 1.5 Ton 3 Star Split Inverter with Wi-fi AC,"₹36,990",4,"Annual Power Usage: 769.55 kWhRoom Size: 130 to 180 sq. ft.1 Year Comprehensive warranty on Product, 5 Year warranty on PCB and Motor & 10 Year warranty on Compressor"
Hisense 2026 Model 2 Ton 3 Star Split Inverter AC,"₹32,990",3.6,"Annual Power Usage: 1073.79 kWhRoom Size: 180 to 230 sq. ft.1 Year Comprehensive warranty on Product, 5 Year on PCB & 10 Year on Compressor"
MOTOROLA 2026 Model 1.5 Ton 3 Star Split Inverter with Wi-fi | Free Installation with 3-Year Comprehen...,"₹31,990",4.2,"Annual Power Usage: 858.22 kWhRoom Size: 130 to 180 sq. ft.3 Year on Product and 10 Years Warranty on Compressor

You additionally get the following benefits free of cost for the first 3 years:
-Gas recharge (maximum 2 times) and service basis requirement.

Please reach out to the brand for these benefits."
MOTOROLA 2026 Model 2 Ton 3 Star Split Inverter with Wi-fi | Free Installation with 3-Year Comprehensi...,"₹38,990",4.2,"Annual Power Usage: 1098.15 kWhRoom Size: 180 to 230 sq. ft.3 Year on Product and 10 Years Warranty on Compressor

You additionally get the following benefits free of cost for the first 3 years:
-Gas recharge (maximum 2 times) and service basis requirement.

Please reach out to the brand for these benefits."
Hitachi 2026 Model 2 Ton 3 Star Split Inverter AC,"₹46,990",4,"Annual Power Usage: 1140.91 kWhRoom Size: 180 to 230 sq. ft.1 Year Warranty On Product, 5 Year Warranty on PCB & 10 Year Warranty on Compressor."
Daikin 2025 Model 1.5 Ton 3 Star Split Inverter AC,"₹42,865",4.2,Annual Power Usage: 966.47 UnitsRoom Size: 130 to 180 sq. ft.5 YearsWarranty on Product and 5 Years Warranty on PCB and 10 Years Warranty on Compressor 1st July 2026 to 31st July 2026.
LG 2025 Model 1.5 Ton 3 Star Split AI Dual Inverter AI Convertible 6-in-1 with Faster Cooling and Ener...,"₹29,090",4,"Annual Power Usage: 852.44 UnitsRoom Size: 130 to 180 sq. ft.1 Year Comprehensive Warranty on Product, 5 Year on PCB and Motor & 10 Year on Compressor (Free Gas charging during comprehensive warranty period only)"
Lloyd Stellar Art 2025 Model 1.5 Ton 5 Star Split Inverter with Wi-fi 6 in 1 Expandable Stellar ArtMoo...,"₹45,990",4.1,"Annual Power Usage: 752.72 WRoom Size: 130 to 180 sq. ft.1 Year Warranty on Product, 5 Year Warranty on Component & 10 Year Warranty on Compressor."
MOTOROLA 2026 Model 1.5 Ton 5 Star Split Inverter with Wi-fi | Free Installation with 3-Year Comprehen...,"₹36,990",4.2,"Annual Power Usage: 656.35 kWhRoom Size: 130 to 180 sq. ft.3 Year on Product and 10 Years Warranty on Compressor

You additionally get the following benefits free of cost for the first 3 years:
-Gas recharge (maximum 2 times) and service basis requirement.

Please reach out to the brand for these benefits."
Godrej 2026 Model 1.5 Ton 5 Star Split Inverter with 5-in-1 convertible | AI Powered| Heavy Duty Cooli...,"₹36,990",4,"Annual Power Usage: 657.81 kWhRoom Size: 130 to 180 sq. ft.5 years warranty on Product, 5 Years warranty on PCB, 10 year warranty on Compressor (Applicable on purchase after Sept 2024 and warranty can be availed after registering on brand website within 30 days of purchase or via company ASP installation)"
Godrej 2024 Model 1.5 Ton 3 Star Hot and Cold Split Inverter AC,"₹34,380",4,"Annual Power Usage: 905.41 UnitsRoom Size: 130 to 180 sq. ft.5 Years Warranty on Whole Product (Valid on sales post 1 Sep 2024, warranty can be availed after registering on Brand website within 7 days of purchase) and 10 Years Warranty on Compressor"
Godrej 2025 Model 3 Ton 2 Star Cassette Fixed Speed With Anti Dust Filter AC,"₹84,990",,"Annual Power Usage: 2608.74 UnitsRoom Size: More than 230 sq. ft.1 year standard warranty on product, 5 years warranty on compressor and 1 year warranty on PCB.(T&C Apply)."
MOTOROLA 2026 Model 1 Ton 3 Star Split Inverter with Wi-fi | Free Installation with 3-Year Comprehensi...,"₹28,990",4.2,"Annual Power Usage: 611.13 kWhRoom Size: 80 to 130 sq. ft.3 Year on Product and 10 Years Warranty on Compressor

You additionally get the following benefits free of cost for the first 3 years:
-Gas recharge (maximum 2 times) and service basis requirement.

Please reach out to the brand for these benefits."
Godrej 2026 Model 1 Ton 3 Star Split Inverter with 5-in-1 convertible | AI Powered| Heavy Duty Cooling...,"₹27,549",4,"Annual Power Usage: 607.6 kWhRoom Size: 80 to 130 sq. ft.5 years warranty on Product, 5 Years warranty on PCB, 10 year warranty on Compressor (Applicable on purchase after Sept 2024 and warranty can be availed after registering on brand website within 30 days of purchase or via company ASP installation)"
MITSUBISHI HEAVY INDUSTRIES 2026 Model 1.6 Ton 2 Star Split Fixed Speed AC,"₹51,482",3.6,"Annual Power Usage: 1071.36 kWhRoom Size: 130 to 180 sq. ft.1 Year Warranty on Product ,1 year warranty on PCB and 5 Years Warranty on Compressor"
"Panasonic 2026 Model 1.5 Ton 3 Star Split Inverter Smart Auto Cool, DustBuster Tech, Higher Airflow, 2...","₹38,989",4.1,"Annual Power Usage: 877.07 kWhRoom Size: 130 to 180 sq. ft.1 Year Comprehensive on Product,
10 Years on Compressor,
5 Years on PCB"
IFB 2024 Model 2 Ton 3 Star Split Inverter with Wi-fi 7 Stage Air Treatment AC,"₹48,500",4.3,"Annual Power Usage: 1248.28 UnitsRoom Size: 180 to 230 sq. ft.1 Year Warranty on Product, 5 Years Warranty on PCB and 10 Years Warranty on Compressor"
CARRIER 2024 Model 1.5 Ton 5 Star Split Inverter with Wi-fi AC,"₹44,999",4.2,"Annual Power Usage: 789.6 kWhRoom Size: 130 to 180 sq. ft.1 year on product, 10 years on compressor"
Godrej 2026 Model 2 Ton 3 Star Split Inverter with 5-in-1 convertible | AI Powered| Heavy Duty Cooling...,"₹36,490",3.9,"Annual Power Usage: 1076.57 kWhRoom Size: 180 to 230 sq. ft.5 years warranty on Product, 5 Years warranty on PCB, 10 year warranty on Compressor (Applicable on purchase after Sept 2024 and warranty can be availed after registering on brand website within 30 days of purchase or via company ASP installation)"
Godrej 2026 Model 1.5 Ton 4 Star Split Inverter with 5-in-1 convertible | AI Powered| Heavy Duty Cooli...,"₹33,990",4,"Annual Power Usage: 728.31 kWhRoom Size: 130 to 180 sq. ft.5 years warranty on Product, 5 Years warranty on PCB, 10 year warranty on Compressor (Applicable on purchase after Sept 2024 and warranty can be availed after registering on brand website within 30 days of purchase or via company ASP installation)"
Hitachi 2025 Model 1.5 Ton 3 Star Window Inverter AC,"₹35,490",4.1,Annual Power Usage: 1172.92 UnitsRoom Size: 130 to 180 sq. ft.1 Year Warranty
Hitachi 2023 Model 1.5 Ton 3 Star Split Inverter AC,"₹33,985",4,"Annual Power Usage: 1012.62 UnitsRoom Size: 130 to 180 sq. ft.1 Year Warranty on Product, 5 Years Warranty on PCB and 5 Years Warranty on Compressor"
Godrej 2026 Model 1 Ton 5 Star Split Inverter with 5-in-1 convertible | AI Powered| Heavy Duty Cooling...,"₹33,990",4,"Annual Power Usage: 468.65 kWhRoom Size: 80 to 130 sq. ft.5 years warranty on Product, 5 Years warranty on PCB, 10 year warranty on Compressor (Applicable on purchase after Sept 2024 and warranty can be availed after registering on brand website within 30 days of purchase or via company ASP installation)"
MOTOROLA 2026 Model 1.5 Ton 3 Star Split Inverter with Wi-fi | Free Installation with 3-Year Comprehen...,"₹31,990",4.2,"Annual Power Usage: 858.22 kWhRoom Size: 130 to 180 sq. ft.3 Year on Product and 10 Years Warranty on Compressor

You additionally get the following benefits free of cost for the first 3 years:
-Gas recharge (maximum 2 times) and service basis requirement.

Please reach out to the brand for these benefits."
Godrej 2026 Model 1.5 Ton 3 Star Split Inverter AC,"₹31,620",4,Annual Power Usage: 899.05 UnitsRoom Size: 130 to 180 sq. ft.5 Years Comprehensive Warranty
Hitachi 2026 Model 1.5 Ton 5 Star Split Inverter with Wi-fi AC,"₹45,998",4,Annual Power Usage: 690.72 kWhRoom Size: 130 to 180 sq. ft.1 Year Warranty on Product and 10 Years Warranty on Compressor
Godrej 2026 Model 1.5 Ton 5 Star Split Inverter AC,"₹35,980",4,Annual Power Usage: 657.81 UnitsRoom Size: 130 to 180 sq. ft.
Panasonic 2025 Model 1 Ton 3 Star Split Inverter with Wi-fi AC,"₹33,490",4.2,Annual Power Usage: 667.91 kWhRoom Size: 80 to 130 sq. ft.1 Year Warranty on Product and 10 Years Warranty on Compressor
"LG 2026 Model 1.42 Ton 5 Star Split Smart Inverter Faster Cooling and Energy Saving, AI Convertible 6-...","₹47,490",,"Annual Power Usage: 1180 WRoom Size: 130 to 180 sq. ft.Manufacturer Warranty: 1 Year Comprehensive on Product, 5 Year on PCB and Motor & 10 Year on Compressor (*Free Gas charging during comprehensive period only | T&C Apply) | To claim, present your original Proof of Purchase (invoice), model and serial number of the Product while requesting service. Visit https://www.lg.com/in/support for details Call on our customer care number 8069379999, WhatsApp : 9711709999 | E-mail: serviceindia@lge.com"
MOTOROLA 2026 Model 2 Ton 3 Star Split Inverter with Wi-fi | Free Installation with 3-Year Comprehensi...,"₹38,990",4.2,"Annual Power Usage: 1098.15 kWhRoom Size: 180 to 230 sq. ft.3 Year on Product and 10 Years Warranty on Compressor

You additionally get the following benefits free of cost for the first 3 years:
-Gas recharge (maximum 2 times) and service basis requirement.

Please reach out to the brand for these benefits."
Hitachi 2023 Model 1.5 Ton 3 Star Split Inverter Xpandable plus Ambience Light R 32 AC,"₹38,500",4,"Annual Power Usage: 1024.34 UnitsRoom Size: 130 to 180 sq. ft.1 Year Warranty on Product, 5 Years Warranty on Controller (PCB) and 10 Years Warranty on Compressor"
IFB 2024 Model 1.5 Ton 5 Star Split Inverter with Wi-fi With Heavy Duty Cooling AC,"₹39,300",4.2,"Annual Power Usage: 706.85 UnitsRoom Size: 130 to 180 sq. ft.1 Year Warranty on Product, 5 Years Warranty on PCB and 10 Years Warranty on Compressor"
Godrej 2026 Model 1.5 Ton 5 Star Split Inverter with 5-in-1 convertible | AI Powered| Heavy Duty Cooli...,"₹36,990",4,"Annual Power Usage: 657.81 kWhRoom Size: 130 to 180 sq. ft.5 years warranty on Product, 5 Years warranty on PCB, 10 year warranty on Compressor (Applicable on purchase after Sept 2024 and warranty can be availed after registering on brand website within 30 days of purchase or via company ASP installation)"
MOTOROLA 2026 Model 1.5 Ton 5 Star Split Inverter with Wi-fi | Free Installation with 3-Year Comprehen...,"₹36,990",4.2,"Annual Power Usage: 656.35 kWhRoom Size: 130 to 180 sq. ft.3 Year on Product and 10 Years Warranty on Compressor

You additionally get the following benefits free of cost for the first 3 years:
-Gas recharge (maximum 2 times) and service basis requirement.

Please reach out to the brand for these benefits."
LG 2026 Model 1.5 Ton 3 Star Split Inverter with Wi-fi AC,"₹41,990",4,"Annual Power Usage: 927.09 kWhRoom Size: 130 to 180 sq. ft.1 Year Comprehensive warranty on Product, 5 Year warranty on PCB and Motor & 10 Year warranty on Compressor"
"Blue Star 2023 Model 0.9 Ton 3 Star Split Inverter Multi Sensors, Stabalizer Free Operation, Self Diag...","₹28,563",4,"Annual Power Usage: 644.46 UnitsRoom Size: 80 to 130 sq. ft.1 Year Warranty on Product, 5 Years Warranty on PCB and 10 Years Warranty on Compressor"
Godrej 2024 Model 1 Ton 3 Star Split Inverter AC,"₹31,490",4,"Annual Power Usage: 654.68 UnitsRoom Size: 80 to 130 sq. ft.1 Year Warranty on the Product, 5 Years Warranty on PCB and 10 Years Warranty on Compressor"
Godrej 2026 Model 1 Ton 3 Star Split Inverter AC,"₹28,444",4,Annual Power Usage: 607.63 UnitsRoom Size: 80 to 130 sq. ft.5 Years Manufacturer Warranty 5 Years
Godrej 2026 Model 2 Ton 3 Star Split Inverter with 5-in-1 convertible | AI Powered| Heavy Duty Cooling...,"₹36,490",3.9,"Annual Power Usage: 1076.57 kWhRoom Size: 180 to 230 sq. ft.5 years warranty on Product, 5 Years warranty on PCB, 10 year warranty on Compressor (Applicable on purchase after Sept 2024 and warranty can be availed after registering on brand website within 30 days of purchase or via company ASP installation)"
Godrej 2026 Model 1.5 Ton 4 Star Split Inverter with 5-in-1 convertible | AI Powered| Heavy Duty Cooli...,"₹33,990",4,"Annual Power Usage: 728.31 kWhRoom Size: 130 to 180 sq. ft.5 years warranty on Product, 5 Years warranty on PCB, 10 year warranty on Compressor (Applicable on purchase after Sept 2024 and warranty can be availed after registering on brand website within 30 days of purchase or via company ASP installation)"
Godrej 2025 Model 1.4 Ton 5 Star Split Inverter 5-In-1 Convertible CoolingHeavy Duty Cooling at Extrem...,"₹34,999",3.9,"Annual Power Usage: 690.34 UnitsRoom Size: 130 to 180 sq. ft.5 Years Warranty on Whole Product (Valid on sales post 1 Sep 2024, warranty can be availed after registering on Brand website within 7 days of purchase) and 10 Years Warranty on Compressor"
Haier 2026 Model 2.2 Ton 3 Star Split HEXA Inverter with Wi-fi AC,"₹52,990",3.8,Annual Power Usage: 1266.03 kWhRoom Size: 180 to 230 sq. ft.7 Years Comprehensive Warranty on Product & parts (including PCB) and 12 years Warranty on Compressor
Godrej 2026 Model 1 Ton 5 Star Split Inverter with 5-in-1 convertible | AI Powered| Heavy Duty Cooling...,"₹33,990",4,"Annual Power Usage: 468.65 kWhRoom Size: 80 to 130 sq. ft.5 years warranty on Product, 5 Years warranty on PCB, 10 year warranty on Compressor (Applicable on purchase after Sept 2024 and warranty can be availed after registering on brand website within 30 days of purchase or via company ASP installation)"
"LG 2026 Model 1.42 Ton 5 Star Split Smart Inverter Faster Cooling and Energy Saving, AI Convertible 6-...","₹47,490",,"Annual Power Usage: 1180 WRoom Size: 130 to 180 sq. ft.Manufacturer Warranty: 1 Year Comprehensive on Product, 5 Year on PCB and Motor & 10 Year on Compressor (*Free Gas charging during comprehensive period only | T&C Apply) | To claim, present your original Proof of Purchase (invoice), model and serial number of the Product while requesting service. Visit https://www.lg.com/in/support for details Call on our customer care number 8069379999, WhatsApp : 9711709999 | E-mail: serviceindia@lge.com"
Godrej 2026 Model 1.5 Tons 3 Star Split Inverter AC,"₹31,980",4,Annual Power Usage: 899.05 UnitsRoom Size: 130 to 180 sq. ft.10 Years on Compressor
Godrej 2026 Model 1.5 Ton 3 Star Split Inverter AC,"₹29,999",4,Annual Power Usage: 899.05 WRoom Size: 130 to 180 sq. ft.
MITSUBISHI HEAVY INDUSTRIES 2025 Model 1.6 Ton 4 Star Split Hyper Inverter Hyper Inverter AC AC,"₹58,480",4,"Annual Power Usage: 890.07 kWhRoom Size: 130 to 180 sq. ft.1 Year Warranty on Product ,5 year warranty on PCB and 10 Years Warranty on Compressor"
Godrej 2025 Model 1 Ton 5 Star Split Inverter 5-In-1-Convertible CoolingI-sense Technology with Blue F...,"₹35,900",4,"Annual Power Usage: 516.37 UnitsRoom Size: 80 to 130 sq. ft.5 Years Warranty on Whole Product (Valid on sales post 1 Sep 2024, warranty can be availed after registering on Brand website within 7 days of purchase) and 10 Years Warranty on Compressor"
MOTOROLA 2026 Model 1.5 Ton 3 Star Split Inverter with Wi-fi | Free Installation with 3-Year Comprehen...,"₹31,990",4.2,"Annual Power Usage: 858.22 kWhRoom Size: 130 to 180 sq. ft.3 Year on Product and 10 Years Warranty on Compressor

You additionally get the following benefits free of cost for the first 3 years:
-Gas recharge (maximum 2 times) and service basis requirement.

Please reach out to the brand for these benefits."
MOTOROLA 2026 Model 1 Ton 3 Star Split Inverter with Wi-fi | Free Installation with 3-Year Comprehensi...,"₹28,990",4.2,"Annual Power Usage: 611.13 kWhRoom Size: 80 to 130 sq. ft.3 Year on Product and 10 Years Warranty on Compressor

You additionally get the following benefits free of cost for the first 3 years:
-Gas recharge (maximum 2 times) and service basis requirement.

Please reach out to the brand for these benefits."
O-General 2025 Model 0.84 Ton 2 Star Window Fixed Speed AC,"₹29,899",,"Annual Power Usage: 712.95 UnitsRoom Size: 80 to 130 sq. ft.1 Year Comprehensive, 5 Years on Parts, 10 Years on Compressor (Domestic Warranty)"
Daikin 2022 Model 1 Ton 3 Star Split Fixed Speed AC,"₹26,251",4.1,Annual Power Usage: 656.44 UnitsRoom Size: 80 to 130 sq. ft.1 Year Warranty on Product and  5 Years Warranty on PCB and 10 Years Warranty on Compressor
MOTOROLA 2026 Model 1.5 Ton 5 Star Split Inverter with Wi-fi | Free Installation with 3-Year Comprehen...,"₹36,990",4.2,"Annual Power Usage: 656.35 kWhRoom Size: 130 to 180 sq. ft.3 Year on Product and 10 Years Warranty on Compressor

You additionally get the following benefits free of cost for the first 3 years:
-Gas recharge (maximum 2 times) and service basis requirement.

Please reach out to the brand for these benefits."
MOTOROLA 2026 Model 2 Ton 3 Star Split Inverter with Wi-fi | Free Installation with 3-Year Comprehensi...,"₹38,990",4.2,"Annual Power Usage: 1098.15 kWhRoom Size: 180 to 230 sq. ft.3 Year on Product and 10 Years Warranty on Compressor

You additionally get the following benefits free of cost for the first 3 years:
-Gas recharge (maximum 2 times) and service basis requirement.

Please reach out to the brand for these benefits."
Whirlpool 2025 Model 1.5 Ton 5 Star Split Inverter AC,"₹32,290",4.2,"Annual Power Usage: 728.95 kWhRoom Size: 130 to 180 sq. ft.1 Year Warranty On Product, 5 Year Warranty On Compressor"
Lloyd 2025 Model 1.5 Ton 3 Star Split Inverter with Wi-fi AC,"₹38,490",4,Annual Power Usage: 874.94 UnitsRoom Size: 130 to 180 sq. ft.1 Year Comprehensive Warranty
Voltas 2025 Model 1.5 Ton 3 Star Split Inverter AC,"₹34,653",4.1,Annual Power Usage: 917.09 UnitsRoom Size: 130 to 180 sq. ft.5 year comprehensive warranty
MITSUBISHI HEAVY INDUSTRIES 2025 Model 1.5 Ton 3 Star Split Hyper Inverter Hyper Inverter AC AC,"₹52,275",3.6,"Annual Power Usage: 989.94 kWhRoom Size: 130 to 180 sq. ft.1 Year Warranty on Product ,5 year warranty on PCB and 10 Years Warranty on Compressor"
Godrej 2026 Model 1 Ton 3 Star Split Inverter with 5-in-1 convertible | AI Powered| Heavy Duty Cooling...,"₹27,549",4,"Annual Power Usage: 607.6 kWhRoom Size: 80 to 130 sq. ft.5 years warranty on Product, 5 Years warranty on PCB, 10 year warranty on Compressor (Applicable on purchase after Sept 2024 and warranty can be availed after registering on brand website within 30 days of purchase or via company ASP installation)"
Godrej 2026 Model 1.5 Ton 5 Star Split Inverter with 5-in-1 convertible | AI Powered| Heavy Duty Cooli...,"₹36,990",4,"Annual Power Usage: 657.81 kWhRoom Size: 130 to 180 sq. ft.5 years warranty on Product, 5 Years warranty on PCB, 10 year warranty on Compressor (Applicable on purchase after Sept 2024 and warranty can be availed after registering on brand website within 30 days of purchase or via company ASP installation)"
Haier 2024 Model 1.5 Ton 3 Star Window Fixed Speed AC,"₹29,980",3.8,Annual Power Usage: 1192.12 WRoom Size: 130 to 180 sq. ft.1 Year Warranty on Product and 5 Years Warranty on Compressor
Haier 2025 Model 1.5 Ton 5 Star Split Inverter AC,"₹38,438",4.1,Annual Power Usage: 701 UnitsRoom Size: 130 to 180 sq. ft.
Godrej 2026 Model 2 Ton 3 Star Split Inverter with 5-in-1 convertible | AI Powered| Heavy Duty Cooling...,"₹36,490",3.9,"Annual Power Usage: 1076.57 kWhRoom Size: 180 to 230 sq. ft.5 years warranty on Product, 5 Years warranty on PCB, 10 year warranty on Compressor (Applicable on purchase after Sept 2024 and warranty can be availed after registering on brand website within 30 days of purchase or via company ASP installation)"
Godrej 2026 Model 1.5 Ton 4 Star Split Inverter with 5-in-1 convertible | AI Powered| Heavy Duty Cooli...,"₹33,990",4,"Annual Power Usage: 728.31 kWhRoom Size: 130 to 180 sq. ft.5 years warranty on Product, 5 Years warranty on PCB, 10 year warranty on Compressor (Applicable on purchase after Sept 2024 and warranty can be availed after registering on brand website within 30 days of purchase or via company ASP installation)"
Daikin 2025 Model 2 Ton 3 Star Split Inverter AC,"₹69,989",3.7,Annual Power Usage: 1238.03 UnitsRoom Size: 180 to 230 sq. ft.1 Year Comprehensive Warranty
Lloyd 2025 Model 1 Ton 2 Star Window Fixed Speed AC,"₹26,490",3.9,"Annual Power Usage: 808.94 UnitsRoom Size: 80 to 130 sq. ft.1 Year Warranty on Product, 5 Year Warranty on Component & 10 Year Warranty on Compressor."
Lloyd 2024 Model 1 Ton 3 Star Split Inverter AC,"₹29,448",4,"Annual Power Usage: 700.06 UnitsRoom Size: 80 to 130 sq. ft.1 Year Warranty on Product, 5 Year Warranty on Component & 10 Year Warranty on Compressor."
Godrej 2026 Model 2 Ton 3 Star Split Inverter AC,"₹39,494",3.9,Annual Power Usage: 1076.57 UnitsRoom Size: 180 to 230 sq. ft.5 Years Warranty
Godrej 2026 Model 1 Ton 5 Star Split Inverter with 5-in-1 convertible | AI Powered| Heavy Duty Cooling...,"₹33,990",4,"Annual Power Usage: 468.65 kWhRoom Size: 80 to 130 sq. ft.5 years warranty on Product, 5 Years warranty on PCB, 10 year warranty on Compressor (Applicable on purchase after Sept 2024 and warranty can be availed after registering on brand website within 30 days of purchase or via company ASP installation)"
MOTOROLA 2026 Model 1.5 Ton 3 Star Split Inverter with Wi-fi | Free Installation with 3-Year Comprehen...,"₹31,990",4.2,"Annual Power Usage: 858.22 kWhRoom Size: 130 to 180 sq. ft.3 Year on Product and 10 Years Warranty on Compressor

You additionally get the following benefits free of cost for the first 3 years:
-Gas recharge (maximum 2 times) and service basis requirement.

Please reach out to the brand for these benefits."
Hitachi 2024 Model 1.5 Ton 5 Star Split Inverter AC,"₹40,990",4,"Annual Power Usage: 774.58 WRoom Size: 130 to 180 sq. ft.1 Year Warranty on Product,  5 Years on PCB and Motor, 10 Years Warranty on Compressor"
Daikin 2025 Model 2 Ton 3 Star Split Inverter AC,"₹63,190",3.7,Annual Power Usage: 1238.03 UnitsRoom Size: 180 to 230 sq. ft.1 Year Warranty On Product
"LG 2026 Model 1.42 Ton 5 Star Split Smart Inverter Faster Cooling and Energy Saving, AI Convertible 6-...","₹47,490",,"Annual Power Usage: 1180 WRoom Size: 130 to 180 sq. ft.Manufacturer Warranty: 1 Year Comprehensive on Product, 5 Year on PCB and Motor & 10 Year on Compressor (*Free Gas charging during comprehensive period only | T&C Apply) | To claim, present your original Proof of Purchase (invoice), model and serial number of the Product while requesting service. Visit https://www.lg.com/in/support for details Call on our customer care number 8069379999, WhatsApp : 9711709999 | E-mail: serviceindia@lge.com"
MOTOROLA 2026 Model 2 Ton 3 Star Split Inverter with Wi-fi | Free Installation with 3-Year Comprehensi...,"₹38,990",4.2,"Annual Power Usage: 1098.15 kWhRoom Size: 180 to 230 sq. ft.3 Year on Product and 10 Years Warranty on Compressor

You additionally get the following benefits free of cost for the first 3 years:
-Gas recharge (maximum 2 times) and service basis requirement.

Please reach out to the brand for these benefits."
Lloyd 2023 Model 2 Ton 3 Star Split Inverter AC,"₹73,766",3.9,Annual Power Usage: 1261.37 UnitsRoom Size: 180 to 230 sq. ft.1 Year Comprehensive Warranty on Product and 10 Years Warranty on Compressor
MITSUBISHI HEAVY INDUSTRIES 2026 Model 1.2 Ton 2 Star Split Fixed Speed AC,"₹44,880",4,"Annual Power Usage: 803.52 kWhRoom Size: 80 to 130 sq. ft.1 Year Warranty on Product ,1 year warranty on PCB and 5 Years Warranty on Compressor"
Lloyd 2024 Model 1.5 Ton 3 Star Split Inverter AC,"₹34,150",4,"Annual Power Usage: 951.47 UnitsRoom Size: 130 to 180 sq. ft.1 Year Warranty on Product, 5 Year Warranty on Component & 10 Year Warranty on Compressor."
Godrej 2025 Model 2 Ton 3 Star Split Inverter 5-In-1-Convertible Cooling with Heavy Duty Cooling And P...,"₹39,999",3.9,"Annual Power Usage: 1935 UnitsRoom Size: 180 to 230 sq. ft.5 Years Warranty on Whole Product (Valid on sales post 1 Sep 2024, warranty can be availed after registering on Brand website within 7 days of purchase) and 10 Years Warranty on Compressor"
Godrej 2026 Model 1.5 Ton 5 Star Split Inverter with 5-in-1 convertible | AI Powered| Heavy Duty Cooli...,"₹36,990",4,"Annual Power Usage: 657.81 kWhRoom Size: 130 to 180 sq. ft.5 years warranty on Product, 5 Years warranty on PCB, 10 year warranty on Compressor (Applicable on purchase after Sept 2024 and warranty can be availed after registering on brand website within 30 days of purchase or via company ASP installation)"
MOTOROLA 2026 Model 1.5 Ton 5 Star Split Inverter with Wi-fi | Free Installation with 3-Year Comprehen...,"₹36,990",4.2,"Annual Power Usage: 656.35 kWhRoom Size: 130 to 180 sq. ft.3 Year on Product and 10 Years Warranty on Compressor

You additionally get the following benefits free of cost for the first 3 years:
-Gas recharge (maximum 2 times) and service basis requirement.

Please reach out to the brand for these benefits."
Lloyd 2022 Model 1 Ton 5 Star Split Inverter AC,"₹36,850",4,Annual Power Usage: 533.89 UnitsRoom Size: 80 to 130 sq. ft.1 Year Comprehensive Warranty on Product and 10 Years Warranty on Compressor
Daikin 2023 Model 0.8 Ton 3 Star Split Fixed Speed AC,"₹27,990",4.2,Annual Power Usage: 548.84 UnitsRoom Size: 80 to 130 sq. ft.1 Year Warranty on Product and  5 Years Warranty on PCB and 10 Years Warranty on Compressor
MOTOROLA 2026 Model 1 Ton 3 Star Split Inverter with Wi-fi | Free Installation with 3-Year Comprehensi...,"₹28,990",4.2,"Annual Power Usage: 611.13 kWhRoom Size: 80 to 130 sq. ft.3 Year on Product and 10 Years Warranty on Compressor

You additionally get the following benefits free of cost for the first 3 years:
-Gas recharge (maximum 2 times) and service basis requirement.

Please reach out to the brand for these benefits."
Godrej 2026 Model 1 Ton 3 Star Split Inverter with 5-in-1 convertible | AI Powered| Heavy Duty Cooling...,"₹27,549",4,"Annual Power Usage: 607.6 kWhRoom Size: 80 to 130 sq. ft.5 years warranty on Product, 5 Years warranty on PCB, 10 year warranty on Compressor (Applicable on purchase after Sept 2024 and warranty can be availed after registering on brand website within 30 days of purchase or via company ASP installation)"
Panasonic 2023 Model 1.5 Ton 3 Star Split Inverter AC,"₹38,600",4.1,Annual Power Usage: 1003.57 UnitsRoom Size: 130 to 180 sq. ft.1 Year Warranty on Product and 5 Years Warranty on Compressor
Blue Star 2026 Model 2 Ton 3 Star Split Inverter AC,"₹46,990",4,Annual Power Usage: 1131.55 kWhRoom Size: 180 to 230 sq. ft.
CARRIER 2026 Model 1.5 Ton 3 Star Split Fixed Speed AC,"₹39,990",4.2,Annual Power Usage: 890.22 UnitsRoom Size: 130 to 180 sq. ft.1 Year Comprehensive Warranty|
Godrej 2026 Model 1.5 Tons 5 Star Window Inverter AC,"₹33,979",4,Annual Power Usage: 1052.32 UnitsRoom Size: 130 to 180 sq. ft.5 years comprehensive
Godrej 2026 Model 2 Ton 3 Star Split Inverter with 5-in-1 convertible | AI Powered| Heavy Duty Cooling...,"₹36,490",3.9,"Annual Power Usage: 1076.57 kWhRoom Size: 180 to 230 sq. ft.5 years warranty on Product, 5 Years warranty on PCB, 10 year warranty on Compressor (Applicable on purchase after Sept 2024 and warranty can be availed after registering on brand website within 30 days of purchase or via company ASP installation)"
Godrej 2026 Model 1.5 Ton 4 Star Split Inverter with 5-in-1 convertible | AI Powered| Heavy Duty Cooli...,"₹33,990",4,"Annual Power Usage: 728.31 kWhRoom Size: 130 to 180 sq. ft.5 years warranty on Product, 5 Years warranty on PCB, 10 year warranty on Compressor (Applicable on purchase after Sept 2024 and warranty can be availed after registering on brand website within 30 days of purchase or via company ASP installation)"
Voltas 2026 Model 1.5 Tons 5 Star Split Inverter AC,"₹47,990",4.2,Annual Power Usage: 691.67 UnitsRoom Size: 130 to 180 sq. ft.1 year on Product
Samsung 2026 Model 1.5 Ton 5 Star Split Inverter with Wi-fi AC,"₹46,990",4.2,"Annual Power Usage: 636.71 kWhRoom Size: 130 to 180 sq. ft.Manufacturer warranty: 5 year comprehensive, 10 years on compressor (T&C Apply)"
Godrej 2026 Model 1 Ton 5 Star Split Inverter with 5-in-1 convertible | AI Powered| Heavy Duty Cooling...,"₹33,990",4,"Annual Power Usage: 468.65 kWhRoom Size: 80 to 130 sq. ft.5 years warranty on Product, 5 Years warranty on PCB, 10 year warranty on Compressor (Applicable on purchase after Sept 2024 and warranty can be availed after registering on brand website within 30 days of purchase or via company ASP installation)"
MOTOROLA 2026 Model 1.5 Ton 3 Star Split Inverter with Wi-fi | Free Installation with 3-Year Comprehen...,"₹31,990",4.2,"Annual Power Usage: 858.22 kWhRoom Size: 130 to 180 sq. ft.3 Year on Product and 10 Years Warranty on Compressor

You additionally get the following benefits free of cost for the first 3 years:
-Gas recharge (maximum 2 times) and service basis requirement.

Please reach out to the brand for these benefits."
Samsung 2026 Model 1.5 Ton 5 Star Split Inverter AC,"₹45,001",4.2,Annual Power Usage: 836.71 UnitsRoom Size: 130 to 180 sq. ft.1 Year Standard + 4 Year Extended
O-General 2025 Model 1 Ton 3 Star Split Inverter AC,"₹41,190",3.6,"Annual Power Usage: 618.58 UnitsRoom Size: 80 to 130 sq. ft.1 Year Comprehensive, 5 Years on Parts, 10 Years on Compressor (Domestic Warranty)"
"Godrej 2025 Model 2 Ton 3 Star Split Inverter AI Powered, 5-In-1 Convertible, Heavy Duty Cooling At Ex...","₹35,190",3.9,"Annual Power Usage: 1181.02 kWhRoom Size: 180 to 230 sq. ft.5 Years Warranty on Whole Product (Valid on sales post 1 Sep 2024, warranty can be availed after registering on Brand website within 7 days of purchase) and 10 Years Warranty on Compressor"
Lloyd 2024 Model 1.5 Ton 5 Star Split Inverter AC,"₹41,850",4.1,"Annual Power Usage: 795.19 UnitsRoom Size: 130 to 180 sq. ft.1 Year Warranty on Product, 5 Year Warranty on Component & 10 Year Warranty on Compressor."
"LG 2026 Model 1.42 Ton 5 Star Split Smart Inverter Faster Cooling and Energy Saving, AI Convertible 6-...","₹47,490",,"Annual Power Usage: 1180 WRoom Size: 130 to 180 sq. ft.Manufacturer Warranty: 1 Year Comprehensive on Product, 5 Year on PCB and Motor & 10 Year on Compressor (*Free Gas charging during comprehensive period only | T&C Apply) | To claim, present your original Proof of Purchase (invoice), model and serial number of the Product while requesting service. Visit https://www.lg.com/in/support for details Call on our customer care number 8069379999, WhatsApp : 9711709999 | E-mail: serviceindia@lge.com"
MOTOROLA 2026 Model 2 Ton 3 Star Split Inverter with Wi-fi | Free Installation with 3-Year Comprehensi...,"₹38,990",4.2,"Annual Power Usage: 1098.15 kWhRoom Size: 180 to 230 sq. ft.3 Year on Product and 10 Years Warranty on Compressor

You additionally get the following benefits free of cost for the first 3 years:
-Gas recharge (maximum 2 times) and service basis requirement.

Please reach out to the brand for these benefits."
LG 2025 Model 1.5 Ton 5 Star Split Dual Inverter AC,"₹47,490",4.1,Annual Power Usage: 744.54 UnitsRoom Size: 130 to 180 sq. ft.1 Year Warranty
Lloyd 2024 Model 1.5 Ton 3 Star Split Inverter with Wi-fi AC,"₹32,490",4,"Annual Power Usage: 951.47 kWhRoom Size: 130 to 180 sq. ft.1 Year warranty on the product, 5 Year warranty on Component and 10 Years warranty on the Compressor,"
Godrej 2026 Model 1.5 Ton 5 Star Split Inverter with 5-in-1 convertible | AI Powered| Heavy Duty Cooli...,"₹36,990",4,"Annual Power Usage: 657.81 kWhRoom Size: 130 to 180 sq. ft.5 years warranty on Product, 5 Years warranty on PCB, 10 year warranty on Compressor (Applicable on purchase after Sept 2024 and warranty can be availed after registering on brand website within 30 days of purchase or via company ASP installation)"
MOTOROLA 2026 Model 1.5 Ton 5 Star Split Inverter with Wi-fi | Free Installation with 3-Year Comprehen...,"₹36,990",4.2,"Annual Power Usage: 656.35 kWhRoom Size: 130 to 180 sq. ft.3 Year on Product and 10 Years Warranty on Compressor

You additionally get the following benefits free of cost for the first 3 years:
-Gas recharge (maximum 2 times) and service basis requirement.

Please reach out to the brand for these benefits."
Voltas 2026 Model 1.5 Ton 5 Star Split Inverter AC,"₹51,500",4.2,Annual Power Usage: 685.61 UnitsRoom Size: 130 to 180 sq. ft.1 Year Comprehensive Warranty
MITSUBISHI HEAVY INDUSTRIES 2025 Model 2.1 Ton 4 Star Split Hyper Inverter with Wi-fi Hyper Inverter A...,"₹83,215",4,"Annual Power Usage: 1235.4 kWhRoom Size: 180 to 230 sq. ft.1 Year Warranty on Product ,5 year warranty on PCB and 10 Years Warranty on Compressor"
Voltas 2023 Model 2 Ton 2 Star Window Fixed Speed AC,"₹33,279",4.1,Annual Power Usage: 1542.79 UnitsRoom Size: 180 to 230 sq. ft.1 Year Warranty on Product and 5 Years Warranty on Compressor
LG 2023 Model 2 Ton 3 Star Split Inverter with Wi-fi AC,"₹63,955",4.1,Annual Power Usage: 1220.4 UnitsRoom Size: 180 to 230 sq. ft.1 Year Warranty on Product and 5 Years Warranty on Compressor
MOTOROLA 2026 Model 1 Ton 3 Star Split Inverter with Wi-fi | Free Installation with 3-Year Comprehensi...,"₹28,990",4.2,"Annual Power Usage: 611.13 kWhRoom Size: 80 to 130 sq. ft.3 Year on Product and 10 Years Warranty on Compressor

You additionally get the following benefits free of cost for the first 3 years:
-Gas recharge (maximum 2 times) and service basis requirement.

Please reach out to the brand for these benefits."
Godrej 2026 Model 1 Ton 3 Star Split Inverter with 5-in-1 convertible | AI Powered| Heavy Duty Cooling...,"₹27,549",4,"Annual Power Usage: 607.6 kWhRoom Size: 80 to 130 sq. ft.5 years warranty on Product, 5 Years warranty on PCB, 10 year warranty on Compressor (Applicable on purchase after Sept 2024 and warranty can be availed after registering on brand website within 30 days of purchase or via company ASP installation)"
Lloyd Stellar 2025 Model 1.5 Ton 5 Star Split Inverter with Wi-fi Stellar 6 in 1 Convertible Mood Ligh...,"₹44,390",4.1,"Annual Power Usage: 752.72 UnitsRoom Size: 130 to 180 sq. ft.1 Year Warranty on Product, 5 Year Warranty on Component & 10 Year Warranty on Compressor."
Lloyd 2023 Model 1.5 Ton 3 Star Split Inverter with Wi-fi AC,"₹35,990",4,Annual Power Usage: 1002.31 UnitsRoom Size: 130 to 180 sq. ft.1 Year Comprehensive Warranty on Product and 10 Years Warranty on Compressor
Godrej 2026 Model 2 Ton 3 Star Split Inverter with 5-in-1 convertible | AI Powered| Heavy Duty Cooling...,"₹36,490",3.9,"Annual Power Usage: 1076.57 kWhRoom Size: 180 to 230 sq. ft.5 years warranty on Product, 5 Years warranty on PCB, 10 year warranty on Compressor (Applicable on purchase after Sept 2024 and warranty can be availed after registering on brand website within 30 days of purchase or via company ASP installation)"
Godrej 2026 Model 1.5 Ton 4 Star Split Inverter with 5-in-1 convertible | AI Powered| Heavy Duty Cooli...,"₹33,990",4,"Annual Power Usage: 728.31 kWhRoom Size: 130 to 180 sq. ft.5 years warranty on Product, 5 Years warranty on PCB, 10 year warranty on Compressor (Applicable on purchase after Sept 2024 and warranty can be availed after registering on brand website within 30 days of purchase or via company ASP installation)"
Daikin 2026 Model 1.5 Ton 5 Star Split Inverter AC,"₹49,990",4.3,Annual Power Usage: 880.1 kWhRoom Size: 130 to 180 sq. ft.1 Year Warranty on Product and  5 Years Warranty on PCB and 10 Years Warranty on Compressor
Daikin 2024 Model 1.5 Ton 3 Star Split Inverter AC,"₹38,900",4.2,"Annual Power Usage: 966.47 UnitsRoom Size: 130 to 180 sq. ft.1 Year Comprehensive Warranty on Product, 5 Years Warranty on PCB, and 10 Years Warranty on Compressor"
Daikin 2022 Model 1.8 Ton 1 Star Split Fixed Speed AC,"₹61,000",4.2,Annual Power Usage: 1435.97 UnitsRoom Size: 180 to 230 sq. ft.1 Year Warranty on Product and 5 Years on Compressor
Hitachi 2024 Model 2 Ton 2 Star Split Fixed Speed AC,"₹53,500",3.7,"Annual Power Usage: 1310.56 kWhRoom Size: 180 to 230 sq. ft.1 Year Product Warrenty, 5 Years comprehensive warranty and 10 Years Warranty on Compressor"
Godrej 2026 Model 1 Ton 5 Star Split Inverter with 5-in-1 convertible | AI Powered| Heavy Duty Cooling...,"₹33,990",4,"Annual Power Usage: 468.65 kWhRoom Size: 80 to 130 sq. ft.5 years warranty on Product, 5 Years warranty on PCB, 10 year warranty on Compressor (Applicable on purchase after Sept 2024 and warranty can be availed after registering on brand website within 30 days of purchase or via company ASP installation)"
"LG 2026 Model 1.42 Ton 5 Star Split Smart Inverter Faster Cooling and Energy Saving, AI Convertible 6-...","₹47,490",,"Annual Power Usage: 1180 WRoom Size: 130 to 180 sq. ft.Manufacturer Warranty: 1 Year Comprehensive on Product, 5 Year on PCB and Motor & 10 Year on Compressor (*Free Gas charging during comprehensive period only | T&C Apply) | To claim, present your original Proof of Purchase (invoice), model and serial number of the Product while requesting service. Visit https://www.lg.com/in/support for details Call on our customer care number 8069379999, WhatsApp : 9711709999 | E-mail: serviceindia@lge.com"
Hitachi 2025 Model 1 Ton 3 Star Split Inverter AC,"₹33,191",3.9,Annual Power Usage: 698.63 kWhRoom Size: 80 to 130 sq. ft.
LG 2026 Model 1.38 Ton 3 Star Window Fixed Speed AC,"₹33,490",,"Annual Power Usage: 1427 kWhRoom Size: 130 to 180 sq. ft.Manufacturer Warranty: 1 Year Comprehensive on Product, 5 Year on PCB and Motor & 10 Year on Compressor."
MOTOROLA 2026 Model 1.5 Ton 3 Star Split Inverter with Wi-fi | Free Installation with 3-Year Comprehen...,"₹31,990",4.2,"Annual Power Usage: 858.22 kWhRoom Size: 130 to 180 sq. ft.3 Year on Product and 10 Years Warranty on Compressor

You additionally get the following benefits free of cost for the first 3 years:
-Gas recharge (maximum 2 times) and service basis requirement.

Please reach out to the brand for these benefits."
Godrej 2026 Model 1.5 Ton 5 Star Split Inverter with 5-in-1 convertible | AI Powered| Heavy Duty Cooli...,"₹36,990",4,"Annual Power Usage: 657.81 kWhRoom Size: 130 to 180 sq. ft.5 years warranty on Product, 5 Years warranty on PCB, 10 year warranty on Compressor (Applicable on purchase after Sept 2024 and warranty can be availed after registering on brand website within 30 days of purchase or via company ASP installation)"
LG 2025 Model 1.5 Ton 5 Star Split AI Dual Inverter Mode AI Convertible 6-in-1 with Faster Cooling and...,"₹49,584",4.1,"Annual Power Usage: 744.54 UnitsRoom Size: 130 to 180 sq. ft.1 Year Comprehensive Warranty on Product, 5 Year on PCB and Motor & 10 Year on Compressor (Free Gas charging during comprehensive warranty period only)"
Daikin 2022 Model 1.5 Ton 3 Star Split Fixed Speed AC,"₹46,289",4.2,Annual Power Usage: 989.31 UnitsRoom Size: 130 to 180 sq. ft.1 Year Comprehensive Warranty on AC and 5 Years on Compressor
Godrej 2025 Model 1.7 Ton 5 Star Split Inverter AC,"₹39,990",,Annual Power Usage: 950 kWhRoom Size: 130 to 180 sq. ft.1 Year Comprehensive Warranty on Product and 10 Years on Compressor
CARRIER 2026 Model 1 Ton 5 Star Split Inverter with Wi-fi AC,"₹40,990",4.1,Annual Power Usage: 470.04 kWhRoom Size: 80 to 130 sq. ft.1 Year Comprehensive
MOTOROLA 2026 Model 2 Ton 3 Star Split Inverter with Wi-fi | Free Installation with 3-Year Comprehensi...,"₹38,990",4.2,"Annual Power Usage: 1098.15 kWhRoom Size: 180 to 230 sq. ft.3 Year on Product and 10 Years Warranty on Compressor

You additionally get the following benefits free of cost for the first 3 years:
-Gas recharge (maximum 2 times) and service basis requirement.

Please reach out to the brand for these benefits."
MOTOROLA 2026 Model 1.5 Ton 5 Star Split Inverter with Wi-fi | Free Installation with 3-Year Comprehen...,"₹36,990",4.2,"Annual Power Usage: 656.35 kWhRoom Size: 130 to 180 sq. ft.3 Year on Product and 10 Years Warranty on Compressor

You additionally get the following benefits free of cost for the first 3 years:
-Gas recharge (maximum 2 times) and service basis requirement.

Please reach out to the brand for these benefits."
Lloyd 2026 Model 1.5 Ton 3 Star Window Inverter AC,"₹34,990",4.1,Annual Power Usage: 1151.37 kWhRoom Size: 130 to 180 sq. ft.1 Year Comprehensive Warranty on AC and 5 Years Warranty on Compressor
Hitachi 2026 Model 1.5 Ton 3 Star Split Inverter AC,"₹35,891",4,Annual Power Usage: 881.8 UnitsRoom Size: 130 to 180 sq. ft.1 Year Comprehensive Warranty | 10 Years Compressor Warranty
MOTOROLA 2026 Model 1 Ton 3 Star Split Inverter with Wi-fi | Free Installation with 3-Year Comprehensi...,"₹28,990",4.2,"Annual Power Usage: 611.13 kWhRoom Size: 80 to 130 sq. ft.3 Year on Product and 10 Years Warranty on Compressor

You additionally get the following benefits free of cost for the first 3 years:
-Gas recharge (maximum 2 times) and service basis requirement.

Please reach out to the brand for these benefits."
Godrej 2026 Model 1 Ton 3 Star Split Inverter with 5-in-1 convertible | AI Powered| Heavy Duty Cooling...,"₹27,549",4,"Annual Power Usage: 607.6 kWhRoom Size: 80 to 130 sq. ft.5 years warranty on Product, 5 Years warranty on PCB, 10 year warranty on Compressor (Applicable on purchase after Sept 2024 and warranty can be availed after registering on brand website within 30 days of purchase or via company ASP installation)"
"Blue Star 2023 Model 0.9 Ton 3 Star Split Inverter Multi Sensors, Stabalizer Free Operation, Self Diag...","₹28,563",4,"Annual Power Usage: 644.46 UnitsRoom Size: 80 to 130 sq. ft.1 Year Warranty on Product, 5 Years Warranty on PCB and 10 Years Warranty on Compressor"
Godrej 2024 Model 1 Ton 3 Star Split Inverter AC,"₹31,490",4,"Annual Power Usage: 654.68 UnitsRoom Size: 80 to 130 sq. ft.1 Year Warranty on the Product, 5 Years Warranty on PCB and 10 Years Warranty on Compressor"
Panasonic 2025 Model 1 Ton 3 Star Split Inverter with Wi-fi AC,"₹33,490",4.2,Annual Power Usage: 667.91 kWhRoom Size: 80 to 130 sq. ft.1 Year Warranty on Product and 10 Years Warranty on Compressor
Daikin 2022 Model 1.8 Ton 1 Star Split Fixed Speed AC,"₹61,000",4.2,Annual Power Usage: 1435.97 UnitsRoom Size: 180 to 230 sq. ft.1 Year Warranty on Product and 5 Years on Compressor
Godrej 2026 Model 2 Ton 3 Star Split Inverter with 5-in-1 convertible | AI Powered| Heavy Duty Cooling...,"₹36,490",3.9,"Annual Power Usage: 1076.57 kWhRoom Size: 180 to 230 sq. ft.5 years warranty on Product, 5 Years warranty on PCB, 10 year warranty on Compressor (Applicable on purchase after Sept 2024 and warranty can be availed after registering on brand website within 30 days of purchase or via company ASP installation)"
Godrej 2026 Model 1.5 Ton 4 Star Split Inverter with 5-in-1 convertible | AI Powered| Heavy Duty Cooli...,"₹33,990",4,"Annual Power Usage: 728.31 kWhRoom Size: 130 to 180 sq. ft.5 years warranty on Product, 5 Years warranty on PCB, 10 year warranty on Compressor (Applicable on purchase after Sept 2024 and warranty can be availed after registering on brand website within 30 days of purchase or via company ASP installation)"
Daikin 2026 Model 1.5 Ton 5 Star Split Inverter AC,"₹50,990",4.3,Annual Power Usage: 880.1 kWhRoom Size: 130 to 180 sq. ft.1 Year Warranty on Product and  5 Years Warranty on PCB and 10 Years Warranty on Compressor
Haier 2026 Model 1.5 Ton 3 Star Split HEXA Inverter with Wi-fi AC,"₹37,990",4,Annual Power Usage: 925.39 kWhRoom Size: 130 to 180 sq. ft.5 years on the product and 12 years on the compressor (1-year warranty card in the box + 4-year promotional warranty auto activated post-installation).
Godrej 2026 Model 1 Ton 5 Star Split Inverter with 5-in-1 convertible | AI Powered| Heavy Duty Cooling...,"₹33,990",4,"Annual Power Usage: 468.65 kWhRoom Size: 80 to 130 sq. ft.5 years warranty on Product, 5 Years warranty on PCB, 10 year warranty on Compressor (Applicable on purchase after Sept 2024 and warranty can be availed after registering on brand website within 30 days of purchase or via company ASP installation)"
MOTOROLA 2026 Model 1.5 Ton 3 Star Split Inverter with Wi-fi | Free Installation with 3-Year Comprehen...,"₹31,990",4.2,"Annual Power Usage: 858.22 kWhRoom Size: 130 to 180 sq. ft.3 Year on Product and 10 Years Warranty on Compressor

You additionally get the following benefits free of cost for the first 3 years:
-Gas recharge (maximum 2 times) and service basis requirement.

Please reach out to the brand for these benefits."
IFB 2024 Model 1.5 Ton 5 Star Split Inverter with Wi-fi With Heavy Duty Cooling AC,"₹39,300",4.2,"Annual Power Usage: 706.85 UnitsRoom Size: 130 to 180 sq. ft.1 Year Warranty on Product, 5 Years Warranty on PCB and 10 Years Warranty on Compressor"
Panasonic 2026 Model 1.5 Ton 3 Star Window Fixed Speed AC,"₹33,380",4.1,Annual Power Usage: 1180.51 UnitsRoom Size: 130 to 180 sq. ft.1 year Comprehensive
Godrej 2026 Model 2 Ton 3 Star Split Inverter AC,"₹40,691",3.9,Annual Power Usage: 1076.57 UnitsRoom Size: 180 to 230 sq. ft.5 Years Manufacturer Warranty
CARRIER 2025 Model 1.5 Ton 5 Star Window Inverter AC,"₹38,990",4.2,Annual Power Usage: 1104.37 UnitsRoom Size: 130 to 180 sq. ft.1 Year Comprehensive Warranty
"LG 2026 Model 1.42 Ton 5 Star Split Smart Inverter Faster Cooling and Energy Saving, AI Convertible 6-...","₹47,490",,"Annual Power Usage: 1180 WRoom Size: 130 to 180 sq. ft.Manufacturer Warranty: 1 Year Comprehensive on Product, 5 Year on PCB and Motor & 10 Year on Compressor (*Free Gas charging during comprehensive period only | T&C Apply) | To claim, present your original Proof of Purchase (invoice), model and serial number of the Product while requesting service. Visit https://www.lg.com/in/support for details Call on our customer care number 8069379999, WhatsApp : 9711709999 | E-mail: serviceindia@lge.com"
MOTOROLA 2026 Model 2 Ton 3 Star Split Inverter with Wi-fi | Free Installation with 3-Year Comprehensi...,"₹38,990",4.2,"Annual Power Usage: 1098.15 kWhRoom Size: 180 to 230 sq. ft.3 Year on Product and 10 Years Warranty on Compressor

You additionally get the following benefits free of cost for the first 3 years:
-Gas recharge (maximum 2 times) and service basis requirement.

Please reach out to the brand for these benefits."
Godrej 2025 Model 1.7 Ton 5 Star Split Inverter AC,"₹39,990",,Annual Power Usage: 950 kWhRoom Size: 130 to 180 sq. ft.1 Year Comprehensive Warranty on Product and 10 Years on Compressor
Sharp 2025 Model 1.5 Ton 3 Star Window Fixed Speed AC,"₹31,650",4,Annual Power Usage: 1137.94 UnitsRoom Size: 130 to 180 sq. ft.1 year on product
MOTOROLA 2026 Model 1.5 Ton 5 Star Split Inverter with Wi-fi | Free Installation with 3-Year Comprehen...,"₹36,990",4.2,"Annual Power Usage: 656.35 kWhRoom Size: 130 to 180 sq. ft.3 Year on Product and 10 Years Warranty on Compressor

You additionally get the following benefits free of cost for the first 3 years:
-Gas recharge (maximum 2 times) and service basis requirement.

Please reach out to the brand for these benefits."
Godrej 2026 Model 1.5 Ton 5 Star Split Inverter with 5-in-1 convertible | AI Powered| Heavy Duty Cooli...,"₹36,990",4,"Annual Power Usage: 657.81 kWhRoom Size: 130 to 180 sq. ft.5 years warranty on Product, 5 Years warranty on PCB, 10 year warranty on Compressor (Applicable on purchase after Sept 2024 and warranty can be availed after registering on brand website within 30 days of purchase or via company ASP installation)"
Voltas 2023 Model 2 Ton 2 Star Window Fixed Speed AC,"₹33,279",4.1,Annual Power Usage: 1542.79 UnitsRoom Size: 180 to 230 sq. ft.1 Year Warranty on Product and 5 Years Warranty on Compressor
IFB 2025 Model 1 Ton 3 Star Split Inverter AC,"₹29,985",4.1,Room Size: 80 to 130 sq. ft.
Lloyd 2026 Model 1.5 Ton 5 Star Window Inverter AC,"₹36,790",4,Annual Power Usage: 1029.85 kWhRoom Size: 130 to 180 sq. ft.1 Year Comprehensive Warranty on AC and 5 Years Warranty on Compressor
Godrej 2024 Model 1.7 Ton 3 Star Split Inverter AC,"₹32,549",4.4,"Annual Power Usage: 1118.35 UnitsRoom Size: 130 to 180 sq. ft.1 Year on Product, 5 Years on PCB and 10 Years on Compressor"
Godrej 2026 Model 2 Ton 3 Star Split Inverter with 5-in-1 convertible | AI Powered| Heavy Duty Cooling...,"₹36,490",3.9,"Annual Power Usage: 1076.57 kWhRoom Size: 180 to 230 sq. ft.5 years warranty on Product, 5 Years warranty on PCB, 10 year warranty on Compressor (Applicable on purchase after Sept 2024 and warranty can be availed after registering on brand website within 30 days of purchase or via company ASP installation)"
Godrej 2026 Model 1.5 Ton 4 Star Split Inverter with 5-in-1 convertible | AI Powered| Heavy Duty Cooli...,"₹33,990",4,"Annual Power Usage: 728.31 kWhRoom Size: 130 to 180 sq. ft.5 years warranty on Product, 5 Years warranty on PCB, 10 year warranty on Compressor (Applicable on purchase after Sept 2024 and warranty can be availed after registering on brand website within 30 days of purchase or via company ASP installation)"
Sharp 2025 Model 1.5 Ton 3 Star Split Inverter AC,"₹34,099",4,"Annual Power Usage: 946.17 kWhRoom Size: 130 to 180 sq. ft.1 Years Comprehensive Warranty, 5 years on PCB,10 years on Compressor"
Voltas 2025 Model 1.5 Ton 3 Star Split Inverter AC,,4.1,"Room Size: 130 to 180 sq. ft.Voltas  5 Year warranty from the date of installation, (Inverter or Fixed Speed SACs) of Tonnage up to 2.2 Tr (Offer valid only from 1st January 2026 to 31st December 2027)."
Godrej 2026 Model 1 Ton 5 Star Split Inverter with 5-in-1 convertible | AI Powered| Heavy Duty Cooling...,"₹33,990",4,"Annual Power Usage: 468.65 kWhRoom Size: 80 to 130 sq. ft.5 years warranty on Product, 5 Years warranty on PCB, 10 year warranty on Compressor (Applicable on purchase after Sept 2024 and warranty can be availed after registering on brand website within 30 days of purchase or via company ASP installation)"
"LG 2026 Model 1.42 Ton 5 Star Split Smart Inverter Faster Cooling and Energy Saving, AI Convertible 6-...","₹47,490",,"Annual Power Usage: 1180 WRoom Size: 130 to 180 sq. ft.Manufacturer Warranty: 1 Year Comprehensive on Product, 5 Year on PCB and Motor & 10 Year on Compressor (*Free Gas charging during comprehensive period only | T&C Apply) | To claim, present your original Proof of Purchase (invoice), model and serial number of the Product while requesting service. Visit https://www.lg.com/in/support for details Call on our customer care number 8069379999, WhatsApp : 9711709999 | E-mail: serviceindia@lge.com"
Blue Star 2023 Model 1 Ton 3 Star Split Inverter AC,"₹51,750",4.1,Annual Power Usage: 705.78 UnitsRoom Size: 80 to 130 sq. ft.1 Year Warranty on Product and 10 Years Warranty on Compressor
IFB 2026 Model 1.5 Ton 5 Star Split Inverter AC,"₹43,420",4.2,Annual Power Usage: 714.38 UnitsRoom Size: 130 to 180 sq. ft.
Voltas 2026 Model 1.5 Ton 5 Star Split Inverter AC,"₹50,491",4.2,"Annual Power Usage: 732.96 UnitsRoom Size: 130 to 180 sq. ft.1 Year Warranty On Product,10 Years Warranty On Compressor"
Panasonic 2024 Model 2 Ton 3 Star Split Inverter AC,"₹70,400",4.2,"Annual Power Usage: 1215.89 UnitsRoom Size: 180 to 230 sq. ft.1 Year on Product, 5 Years on PCB and 10 Years on Compressor"
MOTOROLA 2026 Model 1.5 Ton 3 Star Split Inverter with Wi-fi | Free Installation with 3-Year Comprehen...,"₹31,990",4.2,"Annual Power Usage: 858.22 kWhRoom Size: 130 to 180 sq. ft.3 Year on Product and 10 Years Warranty on Compressor

You additionally get the following benefits free of cost for the first 3 years:
-Gas recharge (maximum 2 times) and service basis requirement.

Please reach out to the brand for these benefits."
Godrej 2026 Model 1.5 Ton 5 Star Split Inverter with 5-in-1 convertible | AI Powered| Heavy Duty Cooli...,"₹36,990",4,"Annual Power Usage: 657.81 kWhRoom Size: 130 to 180 sq. ft.5 years warranty on Product, 5 Years warranty on PCB, 10 year warranty on Compressor (Applicable on purchase after Sept 2024 and warranty can be availed after registering on brand website within 30 days of purchase or via company ASP installation)"
"Panasonic 2026 Model 1.5 Ton 3 Star Hot and Cold Split Inverter with Wi-fi Smart, Matter Enabled, AI, ...","₹43,960",4.1,"Annual Power Usage: 877.71 UnitsRoom Size: 130 to 180 sq. ft.1 Year Comprehensive on Product,
10 Years on Compressor,
5 Years on PCB, 
5 Years on ODU Casing"
O-General 2025 Model 1.5 Ton 5 Star Split Inverter AC,"₹64,590",4.1,"Annual Power Usage: 728.32 UnitsRoom Size: 130 to 180 sq. ft.1 Year Comprehensive, 5 Years on Parts, 10 Years on Compressor (Domestic Warranty)"
MOTOROLA 2026 Model 2 Ton 3 Star Split Inverter with Wi-fi | Free Installation with 3-Year Comprehensi...,"₹38,990",4.2,"Annual Power Usage: 1098.15 kWhRoom Size: 180 to 230 sq. ft.3 Year on Product and 10 Years Warranty on Compressor

You additionally get the following benefits free of cost for the first 3 years:
-Gas recharge (maximum 2 times) and service basis requirement.

Please reach out to the brand for these benefits."
MOTOROLA 2026 Model 1.5 Ton 5 Star Split Inverter with Wi-fi | Free Installation with 3-Year Comprehen...,"₹36,990",4.2,"Annual Power Usage: 656.35 kWhRoom Size: 130 to 180 sq. ft.3 Year on Product and 10 Years Warranty on Compressor

You additionally get the following benefits free of cost for the first 3 years:
-Gas recharge (maximum 2 times) and service basis requirement.

Please reach out to the brand for these benefits."
Voltas 2024 Model 1.5 Ton 3 Star Split Inverter AC,"₹32,788",4.1,Annual Power Usage: 975.26 UnitsRoom Size: 130 to 180 sq. ft.1 Year Warranty on Product and 10 Years Warranty on Compressor
Whirlpool 2025 Model 1.5 Ton 5 Star Split Inverter AC,"₹40,850",4.2,Annual Power Usage: 778 WRoom Size: 130 to 180 sq. ft.1 Year Warranty on Product and 10 Years Warranty on Compressor
Godrej 2026 Model 2.5 Ton 3 Star Split Inverter with 5-in-1 convertible | AI Powered| Heavy Duty Cooli...,"₹50,990",3.9,"Annual Power Usage: 1260.65 kWhRoom Size: More than 230 sq. ft.5 years warranty on Product, 5 Years warranty on PCB, 10 year warranty on Compressor (Applicable on purchase after Sept 2024 and warranty can be availed after registering on brand website within 30 days of purchase or via company ASP installation)"
Haier 2025 Model 1.5 Ton 3 Star Split Inverter AC,"₹35,991",4,Annual Power Usage: 953.49 kWhRoom Size: 130 to 180 sq. ft.1 Year Warranty on Product and 10 Years Warranty on Compressor
MOTOROLA 2026 Model 1 Ton 3 Star Split Inverter with Wi-fi | Free Installation with 3-Year Comprehensi...,"₹28,990",4.2,"Annual Power Usage: 611.13 kWhRoom Size: 80 to 130 sq. ft.3 Year on Product and 10 Years Warranty on Compressor

You additionally get the following benefits free of cost for the first 3 years:
-Gas recharge (maximum 2 times) and service basis requirement.

Please reach out to the brand for these benefits."
Godrej 2026 Model 1 Ton 3 Star Split Inverter with 5-in-1 convertible | AI Powered| Heavy Duty Cooling...,"₹27,549",4,"Annual Power Usage: 607.6 kWhRoom Size: 80 to 130 sq. ft.5 years warranty on Product, 5 Years warranty on PCB, 10 year warranty on Compressor (Applicable on purchase after Sept 2024 and warranty can be availed after registering on brand website within 30 days of purchase or via company ASP installation)"
Panasonic 2025 Model 1.5 Ton 3 Star Split Inverter with Wi-fi AC,"₹36,660",4.1,Annual Power Usage: 877.07 kWhRoom Size: 130 to 180 sq. ft.1 Year Warranty On The Product
Whirlpool 2025 Model 1.5 Ton 3 Star Window Inverter AC,"₹29,578",3.8,Annual Power Usage: 1188.57 WRoom Size: 130 to 180 sq. ft.1 Year Warranty on Product and 10 Years Warranty on Compressor
